Validation_Set,Topics,Alpha,Beta,Coherence
['100% Corpus'],2,0.01,0.01,0.5131548498143572
['100% Corpus'],2,0.01,0.31,0.5067148116811526
['100% Corpus'],2,0.01,0.61,0.5006276042365373
['100% Corpus'],2,0.01,0.9099999999999999,0.4817036639061124
['100% Corpus'],2,0.01,symmetric,0.4982919863104356
['100% Corpus'],2,0.31,0.01,0.5549699253579763
['100% Corpus'],2,0.31,0.31,0.5590973489636442
['100% Corpus'],2,0.31,0.61,0.5584405283684668
['100% Corpus'],2,0.31,0.9099999999999999,0.5145203645057338
['100% Corpus'],2,0.31,symmetric,0.5590973489636442
['100% Corpus'],2,0.61,0.01,0.5339657382735936
['100% Corpus'],2,0.61,0.31,0.5226949650802751
['100% Corpus'],2,0.61,0.61,0.5226949650802752
['100% Corpus'],2,0.61,0.9099999999999999,0.5166667417927706
['100% Corpus'],2,0.61,symmetric,0.5226949650802752
['100% Corpus'],2,0.9099999999999999,0.01,0.5225407285073154
['100% Corpus'],2,0.9099999999999999,0.31,0.5131808039723967
['100% Corpus'],2,0.9099999999999999,0.61,0.5260461826062289
['100% Corpus'],2,0.9099999999999999,0.9099999999999999,0.5173745002793919
['100% Corpus'],2,0.9099999999999999,symmetric,0.5381657442038463
['100% Corpus'],2,symmetric,0.01,0.5299188597580146
['100% Corpus'],2,symmetric,0.31,0.54807091582438
['100% Corpus'],2,symmetric,0.61,0.5226949650802751
['100% Corpus'],2,symmetric,0.9099999999999999,0.5226949650802752
['100% Corpus'],2,symmetric,symmetric,0.5226949650802751
['100% Corpus'],2,asymmetric,0.01,0.5275558151850273
['100% Corpus'],2,asymmetric,0.31,0.5152913287125322
['100% Corpus'],2,asymmetric,0.61,0.48412715408579815
['100% Corpus'],2,asymmetric,0.9099999999999999,0.4581664542361744
['100% Corpus'],2,asymmetric,symmetric,0.5119800834397201
['100% Corpus'],3,0.01,0.01,0.523738840627095
['100% Corpus'],3,0.01,0.31,0.5475582196436571
['100% Corpus'],3,0.01,0.61,0.5174795566232354
['100% Corpus'],3,0.01,0.9099999999999999,0.5485297158238763
['100% Corpus'],3,0.01,symmetric,0.5262218687153529
['100% Corpus'],3,0.31,0.01,0.5252881376644768
['100% Corpus'],3,0.31,0.31,0.514912886289019
['100% Corpus'],3,0.31,0.61,0.5194913962667501
['100% Corpus'],3,0.31,0.9099999999999999,0.5123268776397917
['100% Corpus'],3,0.31,symmetric,0.514912886289019
['100% Corpus'],3,0.61,0.01,0.5398642561554451
['100% Corpus'],3,0.61,0.31,0.5216528790870107
['100% Corpus'],3,0.61,0.61,0.517147805900223
['100% Corpus'],3,0.61,0.9099999999999999,0.49728679450032404
['100% Corpus'],3,0.61,symmetric,0.5216528790870107
['100% Corpus'],3,0.9099999999999999,0.01,0.5334236660693586
['100% Corpus'],3,0.9099999999999999,0.31,0.5322518227996592
['100% Corpus'],3,0.9099999999999999,0.61,0.5012671790031819
['100% Corpus'],3,0.9099999999999999,0.9099999999999999,0.4964661635099841
['100% Corpus'],3,0.9099999999999999,symmetric,0.5187408668084522
['100% Corpus'],3,symmetric,0.01,0.5252881376644768
['100% Corpus'],3,symmetric,0.31,0.5236560690197241
['100% Corpus'],3,symmetric,0.61,0.517313438493519
['100% Corpus'],3,symmetric,0.9099999999999999,0.5123268776397917
['100% Corpus'],3,symmetric,symmetric,0.5236560690197241
['100% Corpus'],3,asymmetric,0.01,0.5050474952880657
['100% Corpus'],3,asymmetric,0.31,0.4563144096497161
['100% Corpus'],3,asymmetric,0.61,0.6005071901322089
['100% Corpus'],3,asymmetric,0.9099999999999999,0.6411533145570424
['100% Corpus'],3,asymmetric,symmetric,0.4554338755332157
['100% Corpus'],4,0.01,0.01,0.5123104900998402
['100% Corpus'],4,0.01,0.31,0.4984958699774924
['100% Corpus'],4,0.01,0.61,0.5046328401616846
['100% Corpus'],4,0.01,0.9099999999999999,0.5090268208368515
['100% Corpus'],4,0.01,symmetric,0.49249694128636945
['100% Corpus'],4,0.31,0.01,0.5081435211061037
['100% Corpus'],4,0.31,0.31,0.49863485656456885
['100% Corpus'],4,0.31,0.61,0.49681036926894434
['100% Corpus'],4,0.31,0.9099999999999999,0.4842565922558036
['100% Corpus'],4,0.31,symmetric,0.5019829688863502
['100% Corpus'],4,0.61,0.01,0.5188691052083567
['100% Corpus'],4,0.61,0.31,0.5084103630788733
['100% Corpus'],4,0.61,0.61,0.5118463246482898
['100% Corpus'],4,0.61,0.9099999999999999,0.4988487269187811
['100% Corpus'],4,0.61,symmetric,0.5131753504663157
['100% Corpus'],4,0.9099999999999999,0.01,0.5109884758570549
['100% Corpus'],4,0.9099999999999999,0.31,0.5089322960179521
['100% Corpus'],4,0.9099999999999999,0.61,0.5031910977844556
['100% Corpus'],4,0.9099999999999999,0.9099999999999999,0.4599517300947521
['100% Corpus'],4,0.9099999999999999,symmetric,0.5150181201263354
['100% Corpus'],4,symmetric,0.01,0.5078990130864709
['100% Corpus'],4,symmetric,0.31,0.5147706793283182
['100% Corpus'],4,symmetric,0.61,0.4925307688099405
['100% Corpus'],4,symmetric,0.9099999999999999,0.4923917913528335
['100% Corpus'],4,symmetric,symmetric,0.5155777263510867
['100% Corpus'],4,asymmetric,0.01,0.45726604190351683
['100% Corpus'],4,asymmetric,0.31,0.41505826757702824
['100% Corpus'],4,asymmetric,0.61,0.5020800635700503
['100% Corpus'],4,asymmetric,0.9099999999999999,0.5581594969481021
['100% Corpus'],4,asymmetric,symmetric,0.4278638137748547
['100% Corpus'],5,0.01,0.01,0.5197850779823587
['100% Corpus'],5,0.01,0.31,0.5106379774909907
['100% Corpus'],5,0.01,0.61,0.4934484194578639
['100% Corpus'],5,0.01,0.9099999999999999,0.47757357274907725
['100% Corpus'],5,0.01,symmetric,0.519576366325435
['100% Corpus'],5,0.31,0.01,0.5105271571912608
['100% Corpus'],5,0.31,0.31,0.5257568174639728
['100% Corpus'],5,0.31,0.61,0.5124312370848284
['100% Corpus'],5,0.31,0.9099999999999999,0.505489478854084
['100% Corpus'],5,0.31,symmetric,0.5222667295885112
['100% Corpus'],5,0.61,0.01,0.5224958817000556
['100% Corpus'],5,0.61,0.31,0.500395689689381
['100% Corpus'],5,0.61,0.61,0.4999260435708857
['100% Corpus'],5,0.61,0.9099999999999999,0.4864585066295609
['100% Corpus'],5,0.61,symmetric,0.5102217084340237
['100% Corpus'],5,0.9099999999999999,0.01,0.5164967852804807
['100% Corpus'],5,0.9099999999999999,0.31,0.50632521924816
['100% Corpus'],5,0.9099999999999999,0.61,0.4703766893839626
['100% Corpus'],5,0.9099999999999999,0.9099999999999999,0.4671914943992686
['100% Corpus'],5,0.9099999999999999,symmetric,0.5157928806566978
['100% Corpus'],5,symmetric,0.01,0.5227975052808959
['100% Corpus'],5,symmetric,0.31,0.5221794923190691
['100% Corpus'],5,symmetric,0.61,0.5217963992224802
['100% Corpus'],5,symmetric,0.9099999999999999,0.49937433885329907
['100% Corpus'],5,symmetric,symmetric,0.5247196288136068
['100% Corpus'],5,asymmetric,0.01,0.466717773030645
['100% Corpus'],5,asymmetric,0.31,0.49826837871170715
['100% Corpus'],5,asymmetric,0.61,0.532096614342868
['100% Corpus'],5,asymmetric,0.9099999999999999,0.5010946641850428
['100% Corpus'],5,asymmetric,symmetric,0.4084542833000615
['100% Corpus'],6,0.01,0.01,0.5312507128944278
['100% Corpus'],6,0.01,0.31,0.5192249063351889
['100% Corpus'],6,0.01,0.61,0.483044769780923
['100% Corpus'],6,0.01,0.9099999999999999,0.46475725165528553
['100% Corpus'],6,0.01,symmetric,0.4958272618197201
['100% Corpus'],6,0.31,0.01,0.5257835484060654
['100% Corpus'],6,0.31,0.31,0.4938257901234154
['100% Corpus'],6,0.31,0.61,0.4906632925053584
['100% Corpus'],6,0.31,0.9099999999999999,0.47531831913866274
['100% Corpus'],6,0.31,symmetric,0.5034163693337588
['100% Corpus'],6,0.61,0.01,0.512353507688877
['100% Corpus'],6,0.61,0.31,0.50222305978067
['100% Corpus'],6,0.61,0.61,0.4471907894165761
['100% Corpus'],6,0.61,0.9099999999999999,0.4430041972362441
['100% Corpus'],6,0.61,symmetric,0.501482429653427
['100% Corpus'],6,0.9099999999999999,0.01,0.5188077543575714
['100% Corpus'],6,0.9099999999999999,0.31,0.47281346669617935
['100% Corpus'],6,0.9099999999999999,0.61,0.4381298732783823
['100% Corpus'],6,0.9099999999999999,0.9099999999999999,0.46428213349718456
['100% Corpus'],6,0.9099999999999999,symmetric,0.4909558760036119
['100% Corpus'],6,symmetric,0.01,0.5113589829133699
['100% Corpus'],6,symmetric,0.31,0.49382489598623613
['100% Corpus'],6,symmetric,0.61,0.4881218019737788
['100% Corpus'],6,symmetric,0.9099999999999999,0.4836140524657879
['100% Corpus'],6,symmetric,symmetric,0.4992412209260107
['100% Corpus'],6,asymmetric,0.01,0.39658648602197677
['100% Corpus'],6,asymmetric,0.31,0.3875516032309114
['100% Corpus'],6,asymmetric,0.61,0.4017314787386513
['100% Corpus'],6,asymmetric,0.9099999999999999,0.37082265296471
['100% Corpus'],6,asymmetric,symmetric,0.3724043684833252
['100% Corpus'],7,0.01,0.01,0.5283034718342077
['100% Corpus'],7,0.01,0.31,0.4605129046873177
['100% Corpus'],7,0.01,0.61,0.4710573954089449
['100% Corpus'],7,0.01,0.9099999999999999,0.43958189072110193
['100% Corpus'],7,0.01,symmetric,0.4997375164799361
['100% Corpus'],7,0.31,0.01,0.5013359982294706
['100% Corpus'],7,0.31,0.31,0.4786335004626481
['100% Corpus'],7,0.31,0.61,0.4826912279893856
['100% Corpus'],7,0.31,0.9099999999999999,0.46602647153928156
['100% Corpus'],7,0.31,symmetric,0.48613543304666923
['100% Corpus'],7,0.61,0.01,0.48392900905694974
['100% Corpus'],7,0.61,0.31,0.46776054192824124
['100% Corpus'],7,0.61,0.61,0.4265954354444398
['100% Corpus'],7,0.61,0.9099999999999999,0.4174371825027032
['100% Corpus'],7,0.61,symmetric,0.46956386624217333
['100% Corpus'],7,0.9099999999999999,0.01,0.4942431078014463
['100% Corpus'],7,0.9099999999999999,0.31,0.43898658224743636
['100% Corpus'],7,0.9099999999999999,0.61,0.41553003184586995
['100% Corpus'],7,0.9099999999999999,0.9099999999999999,0.510388306938563
['100% Corpus'],7,0.9099999999999999,symmetric,0.46933562863440986
['100% Corpus'],7,symmetric,0.01,0.4994142634731113
['100% Corpus'],7,symmetric,0.31,0.5011759249475228
['100% Corpus'],7,symmetric,0.61,0.4852156641402658
['100% Corpus'],7,symmetric,0.9099999999999999,0.4847598430618065
['100% Corpus'],7,symmetric,symmetric,0.5024886614022785
['100% Corpus'],7,asymmetric,0.01,0.49043812023341843
['100% Corpus'],7,asymmetric,0.31,0.5102369881218041
['100% Corpus'],7,asymmetric,0.61,0.5945587683424131
['100% Corpus'],7,asymmetric,0.9099999999999999,0.6362353440815435
['100% Corpus'],7,asymmetric,symmetric,0.4652062198573808
['100% Corpus'],8,0.01,0.01,0.4778931116038546
['100% Corpus'],8,0.01,0.31,0.4426995751394098
['100% Corpus'],8,0.01,0.61,0.45911623946689295
['100% Corpus'],8,0.01,0.9099999999999999,0.4425268798345387
['100% Corpus'],8,0.01,symmetric,0.4703915092598093
['100% Corpus'],8,0.31,0.01,0.47289400537353854
['100% Corpus'],8,0.31,0.31,0.45417672997267056
['100% Corpus'],8,0.31,0.61,0.42792174852989395
['100% Corpus'],8,0.31,0.9099999999999999,0.43104139719480283
['100% Corpus'],8,0.31,symmetric,0.4694993885095717
['100% Corpus'],8,0.61,0.01,0.47115029033732014
['100% Corpus'],8,0.61,0.31,0.45901812973958633
['100% Corpus'],8,0.61,0.61,0.4535176913808422
['100% Corpus'],8,0.61,0.9099999999999999,0.4408967137681259
['100% Corpus'],8,0.61,symmetric,0.45859936214972497
['100% Corpus'],8,0.9099999999999999,0.01,0.46141802028320567
['100% Corpus'],8,0.9099999999999999,0.31,0.46465217796831937
['100% Corpus'],8,0.9099999999999999,0.61,0.46324126234041685
['100% Corpus'],8,0.9099999999999999,0.9099999999999999,0.5150853724601708
['100% Corpus'],8,0.9099999999999999,symmetric,0.43189238222880366
['100% Corpus'],8,symmetric,0.01,0.4652730177515216
['100% Corpus'],8,symmetric,0.31,0.4477391244012907
['100% Corpus'],8,symmetric,0.61,0.4476183709381101
['100% Corpus'],8,symmetric,0.9099999999999999,0.4722791154302826
['100% Corpus'],8,symmetric,symmetric,0.4732781505240277
['100% Corpus'],8,asymmetric,0.01,0.41100843246224344
['100% Corpus'],8,asymmetric,0.31,0.40314172318394326
['100% Corpus'],8,asymmetric,0.61,0.4757100524206026
['100% Corpus'],8,asymmetric,0.9099999999999999,0.541310259527073
['100% Corpus'],8,asymmetric,symmetric,0.4433565905044916
['100% Corpus'],9,0.01,0.01,0.44413062083358484
['100% Corpus'],9,0.01,0.31,0.39069297240188544
['100% Corpus'],9,0.01,0.61,0.4133718601391992
['100% Corpus'],9,0.01,0.9099999999999999,0.40318692329125405
['100% Corpus'],9,0.01,symmetric,0.4141555900876297
['100% Corpus'],9,0.31,0.01,0.45465849367040523
['100% Corpus'],9,0.31,0.31,0.4769374834939917
['100% Corpus'],9,0.31,0.61,0.47751151185423196
['100% Corpus'],9,0.31,0.9099999999999999,0.4934140597869171
['100% Corpus'],9,0.31,symmetric,0.45618668165914467
['100% Corpus'],9,0.61,0.01,0.4663592209736796
['100% Corpus'],9,0.61,0.31,0.4451437423036293
['100% Corpus'],9,0.61,0.61,0.4733962610104759
['100% Corpus'],9,0.61,0.9099999999999999,0.5197860278052499
['100% Corpus'],9,0.61,symmetric,0.4406497763764207
['100% Corpus'],9,0.9099999999999999,0.01,0.4586145287954484
['100% Corpus'],9,0.9099999999999999,0.31,0.4660340848613167
['100% Corpus'],9,0.9099999999999999,0.61,0.5701307560532668
['100% Corpus'],9,0.9099999999999999,0.9099999999999999,0.48799240311406245
['100% Corpus'],9,0.9099999999999999,symmetric,0.44409715035402714
['100% Corpus'],9,symmetric,0.01,0.43966701330810204
['100% Corpus'],9,symmetric,0.31,0.502697865683314
['100% Corpus'],9,symmetric,0.61,0.5520147110995043
['100% Corpus'],9,symmetric,0.9099999999999999,0.47349391547867736
['100% Corpus'],9,symmetric,symmetric,0.4745946226709576
['100% Corpus'],9,asymmetric,0.01,0.4973027158319221
['100% Corpus'],9,asymmetric,0.31,0.48478329024529604
['100% Corpus'],9,asymmetric,0.61,0.4321578361989556
['100% Corpus'],9,asymmetric,0.9099999999999999,0.36060721205121055
['100% Corpus'],9,asymmetric,symmetric,0.4780105788262662
['100% Corpus'],10,0.01,0.01,0.45504108618973005
['100% Corpus'],10,0.01,0.31,0.44274100738758887
['100% Corpus'],10,0.01,0.61,0.4192726489582396
['100% Corpus'],10,0.01,0.9099999999999999,0.3749164121406726
['100% Corpus'],10,0.01,symmetric,0.42125250205031595
['100% Corpus'],10,0.31,0.01,0.46160638926897085
['100% Corpus'],10,0.31,0.31,0.44631857993093665
['100% Corpus'],10,0.31,0.61,0.4569214152125304
['100% Corpus'],10,0.31,0.9099999999999999,0.48758699594960053
['100% Corpus'],10,0.31,symmetric,0.4551717612393684
['100% Corpus'],10,0.61,0.01,0.44727843512167365
['100% Corpus'],10,0.61,0.31,0.5104792958273532
['100% Corpus'],10,0.61,0.61,0.5314263037824664
['100% Corpus'],10,0.61,0.9099999999999999,0.5259915986479503
['100% Corpus'],10,0.61,symmetric,0.4525485444501241
['100% Corpus'],10,0.9099999999999999,0.01,0.44323722372168317
['100% Corpus'],10,0.9099999999999999,0.31,0.4965013795894134
['100% Corpus'],10,0.9099999999999999,0.61,0.5872081560998939
['100% Corpus'],10,0.9099999999999999,0.9099999999999999,0.4783303310281294
['100% Corpus'],10,0.9099999999999999,symmetric,0.4406414318571293
['100% Corpus'],10,symmetric,0.01,0.47618390305020447
['100% Corpus'],10,symmetric,0.31,0.5016147774814442
['100% Corpus'],10,symmetric,0.61,0.45580351946081976
['100% Corpus'],10,symmetric,0.9099999999999999,0.4166133685251946
['100% Corpus'],10,symmetric,symmetric,0.4694754265632327
['100% Corpus'],10,asymmetric,0.01,0.423966688102832
['100% Corpus'],10,asymmetric,0.31,0.5033240977674196
['100% Corpus'],10,asymmetric,0.61,0.40011352488709073
['100% Corpus'],10,asymmetric,0.9099999999999999,0.3975991325307929
['100% Corpus'],10,asymmetric,symmetric,0.4371050841682411
['100% Corpus'],11,0.01,0.01,0.4531918973891802
['100% Corpus'],11,0.01,0.31,0.47878876892227856
['100% Corpus'],11,0.01,0.61,0.5164373477350801
['100% Corpus'],11,0.01,0.9099999999999999,0.4811373614497567
['100% Corpus'],11,0.01,symmetric,0.4419042285890546
['100% Corpus'],11,0.31,0.01,0.4312765040652598
['100% Corpus'],11,0.31,0.31,0.45229291652994713
['100% Corpus'],11,0.31,0.61,0.5058589832251692
['100% Corpus'],11,0.31,0.9099999999999999,0.4915756050792864
['100% Corpus'],11,0.31,symmetric,0.41714665789944283
['100% Corpus'],11,0.61,0.01,0.4464554994462221
['100% Corpus'],11,0.61,0.31,0.506775043502756
['100% Corpus'],11,0.61,0.61,0.541903766338513
['100% Corpus'],11,0.61,0.9099999999999999,0.5481647362311081
['100% Corpus'],11,0.61,symmetric,0.46782864947292674
['100% Corpus'],11,0.9099999999999999,0.01,0.4411398368269148
['100% Corpus'],11,0.9099999999999999,0.31,0.5029925874677141
['100% Corpus'],11,0.9099999999999999,0.61,0.592797423850698
['100% Corpus'],11,0.9099999999999999,0.9099999999999999,0.47399182247950067
['100% Corpus'],11,0.9099999999999999,symmetric,0.4253410061002304
['100% Corpus'],11,symmetric,0.01,0.47551603411045024
['100% Corpus'],11,symmetric,0.31,0.51233257406507
['100% Corpus'],11,symmetric,0.61,0.5128606805391526
['100% Corpus'],11,symmetric,0.9099999999999999,0.4756584195968175
['100% Corpus'],11,symmetric,symmetric,0.5018317309649558
['100% Corpus'],11,asymmetric,0.01,0.4655626390243384
['100% Corpus'],11,asymmetric,0.31,0.47969996078090893
['100% Corpus'],11,asymmetric,0.61,0.40315224642267106
['100% Corpus'],11,asymmetric,0.9099999999999999,0.39609385129938207
['100% Corpus'],11,asymmetric,symmetric,0.5003018003643765
['100% Corpus'],12,0.01,0.01,0.43664779036547313
['100% Corpus'],12,0.01,0.31,0.41472476587848145
['100% Corpus'],12,0.01,0.61,0.41402089535775466
['100% Corpus'],12,0.01,0.9099999999999999,0.4261459999026865
['100% Corpus'],12,0.01,symmetric,0.4025482441682086
['100% Corpus'],12,0.31,0.01,0.3972120468322722
['100% Corpus'],12,0.31,0.31,0.4159070817635839
['100% Corpus'],12,0.31,0.61,0.4442248373816777
['100% Corpus'],12,0.31,0.9099999999999999,0.4818025020552923
['100% Corpus'],12,0.31,symmetric,0.3913898595223369
['100% Corpus'],12,0.61,0.01,0.42489402949820176
['100% Corpus'],12,0.61,0.31,0.5040204088963828
['100% Corpus'],12,0.61,0.61,0.52780696449139
['100% Corpus'],12,0.61,0.9099999999999999,0.5903680534244399
['100% Corpus'],12,0.61,symmetric,0.4660680562593828
['100% Corpus'],12,0.9099999999999999,0.01,0.43865066164190475
['100% Corpus'],12,0.9099999999999999,0.31,0.533622402303366
['100% Corpus'],12,0.9099999999999999,0.61,0.5672629642340115
['100% Corpus'],12,0.9099999999999999,0.9099999999999999,0.46886245629265955
['100% Corpus'],12,0.9099999999999999,symmetric,0.46159829772060573
['100% Corpus'],12,symmetric,0.01,0.49480873733728165
['100% Corpus'],12,symmetric,0.31,0.39949015263377596
['100% Corpus'],12,symmetric,0.61,0.3620876182050015
['100% Corpus'],12,symmetric,0.9099999999999999,0.4005060109440293
['100% Corpus'],12,symmetric,symmetric,0.4947805302524059
['100% Corpus'],12,asymmetric,0.01,0.3901407169476157
['100% Corpus'],12,asymmetric,0.31,0.4506439121773494
['100% Corpus'],12,asymmetric,0.61,0.4166720857518443
['100% Corpus'],12,asymmetric,0.9099999999999999,0.4405718002055907
['100% Corpus'],12,asymmetric,symmetric,0.41439797278200774
['100% Corpus'],13,0.01,0.01,0.4008823830574921
['100% Corpus'],13,0.01,0.31,0.3944536275904067
['100% Corpus'],13,0.01,0.61,0.4058478829181827
['100% Corpus'],13,0.01,0.9099999999999999,0.4183477544593298
['100% Corpus'],13,0.01,symmetric,0.3993416908839732
['100% Corpus'],13,0.31,0.01,0.36551341932968184
['100% Corpus'],13,0.31,0.31,0.3483068012492654
['100% Corpus'],13,0.31,0.61,0.36572583865602415
['100% Corpus'],13,0.31,0.9099999999999999,0.4284225095527684
['100% Corpus'],13,0.31,symmetric,0.36733769648388204
['100% Corpus'],13,0.61,0.01,0.4250648385156615
['100% Corpus'],13,0.61,0.31,0.491476727136537
['100% Corpus'],13,0.61,0.61,0.534585972072371
['100% Corpus'],13,0.61,0.9099999999999999,0.5236362152742984
['100% Corpus'],13,0.61,symmetric,0.44524765940791416
['100% Corpus'],13,0.9099999999999999,0.01,0.45700666877958473
['100% Corpus'],13,0.9099999999999999,0.31,0.49831186408133643
['100% Corpus'],13,0.9099999999999999,0.61,0.5354219862431895
['100% Corpus'],13,0.9099999999999999,0.9099999999999999,0.4701271751109584
['100% Corpus'],13,0.9099999999999999,symmetric,0.4355445488168529
['100% Corpus'],13,symmetric,0.01,0.3953055293493908
['100% Corpus'],13,symmetric,0.31,0.4250628325751193
['100% Corpus'],13,symmetric,0.61,0.4640249338478508
['100% Corpus'],13,symmetric,0.9099999999999999,0.3728145769289541
['100% Corpus'],13,symmetric,symmetric,0.4619276103998044
['100% Corpus'],13,asymmetric,0.01,0.3946901667569926
['100% Corpus'],13,asymmetric,0.31,0.3651637479297669
['100% Corpus'],13,asymmetric,0.61,0.33935835522364266
['100% Corpus'],13,asymmetric,0.9099999999999999,0.37177204979619627
['100% Corpus'],13,asymmetric,symmetric,0.3881648516083297
['100% Corpus'],14,0.01,0.01,0.4256663912872948
['100% Corpus'],14,0.01,0.31,0.44800400641671084
['100% Corpus'],14,0.01,0.61,0.45273287925546846
['100% Corpus'],14,0.01,0.9099999999999999,0.4005815903785494
['100% Corpus'],14,0.01,symmetric,0.4273446413542935
['100% Corpus'],14,0.31,0.01,0.3826799257587766
['100% Corpus'],14,0.31,0.31,0.3811816327968524
['100% Corpus'],14,0.31,0.61,0.36834786959113336
['100% Corpus'],14,0.31,0.9099999999999999,0.3963308677038256
['100% Corpus'],14,0.31,symmetric,0.37930052689496746
['100% Corpus'],14,0.61,0.01,0.4411322247185857
['100% Corpus'],14,0.61,0.31,0.4585107280801562
['100% Corpus'],14,0.61,0.61,0.5102233356339522
['100% Corpus'],14,0.61,0.9099999999999999,0.5720343664243109
['100% Corpus'],14,0.61,symmetric,0.4204012498144195
['100% Corpus'],14,0.9099999999999999,0.01,0.46198880943405224
['100% Corpus'],14,0.9099999999999999,0.31,0.4801561142251439
['100% Corpus'],14,0.9099999999999999,0.61,0.5026394148914161
['100% Corpus'],14,0.9099999999999999,0.9099999999999999,0.46806721517605226
['100% Corpus'],14,0.9099999999999999,symmetric,0.44569807399451544
['100% Corpus'],14,symmetric,0.01,0.46499238725589215
['100% Corpus'],14,symmetric,0.31,0.503486816952109
['100% Corpus'],14,symmetric,0.61,0.4449968994499008
['100% Corpus'],14,symmetric,0.9099999999999999,0.4240698630088013
['100% Corpus'],14,symmetric,symmetric,0.5030268148494376
['100% Corpus'],14,asymmetric,0.01,0.4394686007741394
['100% Corpus'],14,asymmetric,0.31,0.41441132865947633
['100% Corpus'],14,asymmetric,0.61,0.3753103280579149
['100% Corpus'],14,asymmetric,0.9099999999999999,0.38212528020452424
['100% Corpus'],14,asymmetric,symmetric,0.44430776322855553
['100% Corpus'],15,0.01,0.01,0.31118799296280925
['100% Corpus'],15,0.01,0.31,0.38366587664357366
['100% Corpus'],15,0.01,0.61,0.43178396927213053
['100% Corpus'],15,0.01,0.9099999999999999,0.4712100911894554
['100% Corpus'],15,0.01,symmetric,0.3456461014136218
['100% Corpus'],15,0.31,0.01,0.3924301755947177
['100% Corpus'],15,0.31,0.31,0.3538946500281552
['100% Corpus'],15,0.31,0.61,0.4246989035490569
['100% Corpus'],15,0.31,0.9099999999999999,0.5056535647117049
['100% Corpus'],15,0.31,symmetric,0.3613240307311792
['100% Corpus'],15,0.61,0.01,0.43631878708714117
['100% Corpus'],15,0.61,0.31,0.4683310274730452
['100% Corpus'],15,0.61,0.61,0.5417618847188047
['100% Corpus'],15,0.61,0.9099999999999999,0.5995069623108562
['100% Corpus'],15,0.61,symmetric,0.42727219606802047
['100% Corpus'],15,0.9099999999999999,0.01,0.5171160342690979
['100% Corpus'],15,0.9099999999999999,0.31,0.49463997909911755
['100% Corpus'],15,0.9099999999999999,0.61,0.4756904947612131
['100% Corpus'],15,0.9099999999999999,0.9099999999999999,0.46393309901285323
['100% Corpus'],15,0.9099999999999999,symmetric,0.45294541979032066
['100% Corpus'],15,symmetric,0.01,0.3995096643540495
['100% Corpus'],15,symmetric,0.31,0.47058649442234557
['100% Corpus'],15,symmetric,0.61,0.45873101899523877
['100% Corpus'],15,symmetric,0.9099999999999999,0.5033300831702378
['100% Corpus'],15,symmetric,symmetric,0.4297746364184194
['100% Corpus'],15,asymmetric,0.01,0.3500976360292279
['100% Corpus'],15,asymmetric,0.31,0.3457124819695115
['100% Corpus'],15,asymmetric,0.61,0.36604564893704633
['100% Corpus'],15,asymmetric,0.9099999999999999,0.3426754404154261
['100% Corpus'],15,asymmetric,symmetric,0.34430375332087876
['100% Corpus'],16,0.01,0.01,0.3506048977533306
['100% Corpus'],16,0.01,0.31,0.34341843095197383
['100% Corpus'],16,0.01,0.61,0.3512274915631679
['100% Corpus'],16,0.01,0.9099999999999999,0.353776728089233
['100% Corpus'],16,0.01,symmetric,0.34760090875595206
['100% Corpus'],16,0.31,0.01,0.3592238115775377
['100% Corpus'],16,0.31,0.31,0.3340194668489811
['100% Corpus'],16,0.31,0.61,0.389154210827614
['100% Corpus'],16,0.31,0.9099999999999999,0.3980565287211194
['100% Corpus'],16,0.31,symmetric,0.35175050831786464
['100% Corpus'],16,0.61,0.01,0.4440924916269193
['100% Corpus'],16,0.61,0.31,0.4587511970409588
['100% Corpus'],16,0.61,0.61,0.5175112351127128
['100% Corpus'],16,0.61,0.9099999999999999,0.5775107746112724
['100% Corpus'],16,0.61,symmetric,0.41406218878847134
['100% Corpus'],16,0.9099999999999999,0.01,0.5418861522621643
['100% Corpus'],16,0.9099999999999999,0.31,0.4916879938418763
['100% Corpus'],16,0.9099999999999999,0.61,0.4727798454419788
['100% Corpus'],16,0.9099999999999999,0.9099999999999999,0.46710654433537324
['100% Corpus'],16,0.9099999999999999,symmetric,0.44116433436896263
['100% Corpus'],16,symmetric,0.01,0.337895014782176
['100% Corpus'],16,symmetric,0.31,0.39603489174609596
['100% Corpus'],16,symmetric,0.61,0.3463226490417626
['100% Corpus'],16,symmetric,0.9099999999999999,0.3388092186163751
['100% Corpus'],16,symmetric,symmetric,0.3700095077597598
['100% Corpus'],16,asymmetric,0.01,0.3571966627693071
['100% Corpus'],16,asymmetric,0.31,0.4233550848272786
['100% Corpus'],16,asymmetric,0.61,0.4323169174078185
['100% Corpus'],16,asymmetric,0.9099999999999999,0.4292004927846723
['100% Corpus'],16,asymmetric,symmetric,0.3644111623279906
['100% Corpus'],17,0.01,0.01,0.3878539378629684
['100% Corpus'],17,0.01,0.31,0.37020001019129817
['100% Corpus'],17,0.01,0.61,0.39914874597225347
['100% Corpus'],17,0.01,0.9099999999999999,0.40093089117005665
['100% Corpus'],17,0.01,symmetric,0.3886185078817992
['100% Corpus'],17,0.31,0.01,0.35858861644567325
['100% Corpus'],17,0.31,0.31,0.3905501646484924
['100% Corpus'],17,0.31,0.61,0.4447984425453983
['100% Corpus'],17,0.31,0.9099999999999999,0.4806165075921949
['100% Corpus'],17,0.31,symmetric,0.35077554683242834
['100% Corpus'],17,0.61,0.01,0.4472296490113423
['100% Corpus'],17,0.61,0.31,0.4709894009754425
['100% Corpus'],17,0.61,0.61,0.5326702524882149
['100% Corpus'],17,0.61,0.9099999999999999,0.5546730516820283
['100% Corpus'],17,0.61,symmetric,0.42688460136003026
['100% Corpus'],17,0.9099999999999999,0.01,0.5527669748430083
['100% Corpus'],17,0.9099999999999999,0.31,0.5181698580759803
['100% Corpus'],17,0.9099999999999999,0.61,0.46747212088416357
['100% Corpus'],17,0.9099999999999999,0.9099999999999999,0.4681398850120388
['100% Corpus'],17,0.9099999999999999,symmetric,0.4590470260615754
['100% Corpus'],17,symmetric,0.01,0.43211228101294014
['100% Corpus'],17,symmetric,0.31,0.42733001920259645
['100% Corpus'],17,symmetric,0.61,0.4486338964431329
['100% Corpus'],17,symmetric,0.9099999999999999,0.4136600002675415
['100% Corpus'],17,symmetric,symmetric,0.4280963299496824
['100% Corpus'],17,asymmetric,0.01,0.37951999532576364
['100% Corpus'],17,asymmetric,0.31,0.3830046425864926
['100% Corpus'],17,asymmetric,0.61,0.4099162273894508
['100% Corpus'],17,asymmetric,0.9099999999999999,0.3793414629236266
['100% Corpus'],17,asymmetric,symmetric,0.4009311597392444
['100% Corpus'],18,0.01,0.01,0.3848338011698482
['100% Corpus'],18,0.01,0.31,0.38716931913929287
['100% Corpus'],18,0.01,0.61,0.3469489800714154
['100% Corpus'],18,0.01,0.9099999999999999,0.39294327406797463
['100% Corpus'],18,0.01,symmetric,0.3566604063871932
['100% Corpus'],18,0.31,0.01,0.38109450660695576
['100% Corpus'],18,0.31,0.31,0.3870135053629817
['100% Corpus'],18,0.31,0.61,0.4887440675253882
['100% Corpus'],18,0.31,0.9099999999999999,0.47253188744793106
['100% Corpus'],18,0.31,symmetric,0.36129746904926335
['100% Corpus'],18,0.61,0.01,0.4642799920467242
['100% Corpus'],18,0.61,0.31,0.47631439262709524
['100% Corpus'],18,0.61,0.61,0.5810984795882235
['100% Corpus'],18,0.61,0.9099999999999999,0.5207590922198613
['100% Corpus'],18,0.61,symmetric,0.45052905257080905
['100% Corpus'],18,0.9099999999999999,0.01,0.5427083374664805
['100% Corpus'],18,0.9099999999999999,0.31,0.5241093817045742
['100% Corpus'],18,0.9099999999999999,0.61,0.4681700538622895
['100% Corpus'],18,0.9099999999999999,0.9099999999999999,0.46909343589640023
['100% Corpus'],18,0.9099999999999999,symmetric,0.48242255102277576
['100% Corpus'],18,symmetric,0.01,0.34957971947325794
['100% Corpus'],18,symmetric,0.31,0.3560071628654993
['100% Corpus'],18,symmetric,0.61,0.34952571149086964
['100% Corpus'],18,symmetric,0.9099999999999999,0.39993465380835314
['100% Corpus'],18,symmetric,symmetric,0.4007532431624675
['100% Corpus'],18,asymmetric,0.01,0.35248967930524694
['100% Corpus'],18,asymmetric,0.31,0.32543664283412344
['100% Corpus'],18,asymmetric,0.61,0.35305913955815243
['100% Corpus'],18,asymmetric,0.9099999999999999,0.3780607003762488
['100% Corpus'],18,asymmetric,symmetric,0.3579469103619233
['100% Corpus'],19,0.01,0.01,0.3959684230423067
['100% Corpus'],19,0.01,0.31,0.40121759789440936
['100% Corpus'],19,0.01,0.61,0.4543390670664414
['100% Corpus'],19,0.01,0.9099999999999999,0.43640457093189866
['100% Corpus'],19,0.01,symmetric,0.3711159313099311
['100% Corpus'],19,0.31,0.01,0.3019269600127651
['100% Corpus'],19,0.31,0.31,0.32839331598405896
['100% Corpus'],19,0.31,0.61,0.42460840563663627
['100% Corpus'],19,0.31,0.9099999999999999,0.4777416103982554
['100% Corpus'],19,0.31,symmetric,0.3126789398014013
['100% Corpus'],19,0.61,0.01,0.47603125618187797
['100% Corpus'],19,0.61,0.31,0.44728792487166613
['100% Corpus'],19,0.61,0.61,0.5658613533464681
['100% Corpus'],19,0.61,0.9099999999999999,0.49633072645163634
['100% Corpus'],19,0.61,symmetric,0.42735660623484273
['100% Corpus'],19,0.9099999999999999,0.01,0.5324162380249254
['100% Corpus'],19,0.9099999999999999,0.31,0.5437234896860828
['100% Corpus'],19,0.9099999999999999,0.61,0.46751601363251377
['100% Corpus'],19,0.9099999999999999,0.9099999999999999,0.46780115376193226
['100% Corpus'],19,0.9099999999999999,symmetric,0.47194047950068974
['100% Corpus'],19,symmetric,0.01,0.4436814432196635
['100% Corpus'],19,symmetric,0.31,0.4889391700185621
['100% Corpus'],19,symmetric,0.61,0.4504438053402625
['100% Corpus'],19,symmetric,0.9099999999999999,0.436513060477433
['100% Corpus'],19,symmetric,symmetric,0.4655135947543806
['100% Corpus'],19,asymmetric,0.01,0.3678873134128378
['100% Corpus'],19,asymmetric,0.31,0.3653426148198479
['100% Corpus'],19,asymmetric,0.61,0.3575380091962607
['100% Corpus'],19,asymmetric,0.9099999999999999,0.37993708922893993
['100% Corpus'],19,asymmetric,symmetric,0.35684510027280514
['100% Corpus'],20,0.01,0.01,0.3222308366195385
['100% Corpus'],20,0.01,0.31,0.4280222230225741
['100% Corpus'],20,0.01,0.61,0.3872919083781942
['100% Corpus'],20,0.01,0.9099999999999999,0.4122619617731571
['100% Corpus'],20,0.01,symmetric,0.34932779750980025
['100% Corpus'],20,0.31,0.01,0.34555377542165033
['100% Corpus'],20,0.31,0.31,0.4125515933665528
['100% Corpus'],20,0.31,0.61,0.46303390689484836
['100% Corpus'],20,0.31,0.9099999999999999,0.45527743168952045
['100% Corpus'],20,0.31,symmetric,0.353946481575764
['100% Corpus'],20,0.61,0.01,0.48748671621377504
['100% Corpus'],20,0.61,0.31,0.45602536305080965
['100% Corpus'],20,0.61,0.61,0.5889925773969542
['100% Corpus'],20,0.61,0.9099999999999999,0.5011530799550714
['100% Corpus'],20,0.61,symmetric,0.44214118131587343
['100% Corpus'],20,0.9099999999999999,0.01,0.5466559599520384
['100% Corpus'],20,0.9099999999999999,0.31,0.5459053489738366
['100% Corpus'],20,0.9099999999999999,0.61,0.4661529332264041
['100% Corpus'],20,0.9099999999999999,0.9099999999999999,0.4683480464800237
['100% Corpus'],20,0.9099999999999999,symmetric,0.4834043194929031
['100% Corpus'],20,symmetric,0.01,0.42995991911809267
['100% Corpus'],20,symmetric,0.31,0.43764358684670485
['100% Corpus'],20,symmetric,0.61,0.4324097558653606
['100% Corpus'],20,symmetric,0.9099999999999999,0.4353372683288339
['100% Corpus'],20,symmetric,symmetric,0.4465209156167614
['100% Corpus'],20,asymmetric,0.01,0.362278270385895
['100% Corpus'],20,asymmetric,0.31,0.3470323255461657
['100% Corpus'],20,asymmetric,0.61,0.3499249485559042
['100% Corpus'],20,asymmetric,0.9099999999999999,0.29870754839544933
['100% Corpus'],20,asymmetric,symmetric,0.38069035453616895
['100% Corpus'],21,0.01,0.01,0.3086054664917969
['100% Corpus'],21,0.01,0.31,0.4634389705050224
['100% Corpus'],21,0.01,0.61,0.495358844416002
['100% Corpus'],21,0.01,0.9099999999999999,0.4364639585291967
['100% Corpus'],21,0.01,symmetric,0.3209287722319247
['100% Corpus'],21,0.31,0.01,0.35728877644306467
['100% Corpus'],21,0.31,0.31,0.4082290909072664
['100% Corpus'],21,0.31,0.61,0.5061963288256058
['100% Corpus'],21,0.31,0.9099999999999999,0.5136812134014132
['100% Corpus'],21,0.31,symmetric,0.35163454223132995
['100% Corpus'],21,0.61,0.01,0.4980221850419585
['100% Corpus'],21,0.61,0.31,0.4486154608130103
['100% Corpus'],21,0.61,0.61,0.6118103767949356
['100% Corpus'],21,0.61,0.9099999999999999,0.4731119322067025
['100% Corpus'],21,0.61,symmetric,0.44336540544618347
['100% Corpus'],21,0.9099999999999999,0.01,0.5449176717757773
['100% Corpus'],21,0.9099999999999999,0.31,0.5617371408893239
['100% Corpus'],21,0.9099999999999999,0.61,0.46725160531218635
['100% Corpus'],21,0.9099999999999999,0.9099999999999999,0.46725160531218635
['100% Corpus'],21,0.9099999999999999,symmetric,0.5193433551504236
['100% Corpus'],21,symmetric,0.01,0.38146608531849646
['100% Corpus'],21,symmetric,0.31,0.5244554577798767
['100% Corpus'],21,symmetric,0.61,0.5087431254695676
['100% Corpus'],21,symmetric,0.9099999999999999,0.4662136090786685
['100% Corpus'],21,symmetric,symmetric,0.4379250770940559
['100% Corpus'],21,asymmetric,0.01,0.3869590275225412
['100% Corpus'],21,asymmetric,0.31,0.40050878771108667
['100% Corpus'],21,asymmetric,0.61,0.3989287993938026
['100% Corpus'],21,asymmetric,0.9099999999999999,0.40556537259967823
['100% Corpus'],21,asymmetric,symmetric,0.40561927456431707
['100% Corpus'],22,0.01,0.01,0.3728934141131859
['100% Corpus'],22,0.01,0.31,0.3923542675032428
['100% Corpus'],22,0.01,0.61,0.41916408939269656
['100% Corpus'],22,0.01,0.9099999999999999,0.4365245161769249
['100% Corpus'],22,0.01,symmetric,0.38638507945568656
['100% Corpus'],22,0.31,0.01,0.3122127786225546
['100% Corpus'],22,0.31,0.31,0.36184160543827104
['100% Corpus'],22,0.31,0.61,0.49640916016870923
['100% Corpus'],22,0.31,0.9099999999999999,0.49133128871712484
['100% Corpus'],22,0.31,symmetric,0.31193350616457
['100% Corpus'],22,0.61,0.01,0.4927451377591218
['100% Corpus'],22,0.61,0.31,0.45742119113959506
['100% Corpus'],22,0.61,0.61,0.5955593610686428
['100% Corpus'],22,0.61,0.9099999999999999,0.46869417643627354
['100% Corpus'],22,0.61,symmetric,0.44224222562016374
['100% Corpus'],22,0.9099999999999999,0.01,0.5559523335477883
['100% Corpus'],22,0.9099999999999999,0.31,0.5607832285633977
['100% Corpus'],22,0.9099999999999999,0.61,0.4680721596584754
['100% Corpus'],22,0.9099999999999999,0.9099999999999999,0.46631076675068467
['100% Corpus'],22,0.9099999999999999,symmetric,0.5258002151674003
['100% Corpus'],22,symmetric,0.01,0.42947570511739724
['100% Corpus'],22,symmetric,0.31,0.4204889972063041
['100% Corpus'],22,symmetric,0.61,0.42661657032533107
['100% Corpus'],22,symmetric,0.9099999999999999,0.40981508256475485
['100% Corpus'],22,symmetric,symmetric,0.44932144362562654
['100% Corpus'],22,asymmetric,0.01,0.3655235842841602
['100% Corpus'],22,asymmetric,0.31,0.39486760255697373
['100% Corpus'],22,asymmetric,0.61,0.3748749832439319
['100% Corpus'],22,asymmetric,0.9099999999999999,0.38366948574549525
['100% Corpus'],22,asymmetric,symmetric,0.36993319357816506
['100% Corpus'],23,0.01,0.01,0.3037222472388186
['100% Corpus'],23,0.01,0.31,0.41906777931737677
['100% Corpus'],23,0.01,0.61,0.39168122237032654
['100% Corpus'],23,0.01,0.9099999999999999,0.3966650420628195
['100% Corpus'],23,0.01,symmetric,0.3289865995662267
['100% Corpus'],23,0.31,0.01,0.3314270450027276
['100% Corpus'],23,0.31,0.31,0.37453904639495605
['100% Corpus'],23,0.31,0.61,0.4952381669847504
['100% Corpus'],23,0.31,0.9099999999999999,0.49264701243864234
['100% Corpus'],23,0.31,symmetric,0.3281425067590048
['100% Corpus'],23,0.61,0.01,0.5033903346790077
['100% Corpus'],23,0.61,0.31,0.45630461603122185
['100% Corpus'],23,0.61,0.61,0.5596384619773825
['100% Corpus'],23,0.61,0.9099999999999999,0.4675391262958107
['100% Corpus'],23,0.61,symmetric,0.4171902433236744
['100% Corpus'],23,0.9099999999999999,0.01,0.5578962292743421
['100% Corpus'],23,0.9099999999999999,0.31,0.5821379583654337
['100% Corpus'],23,0.9099999999999999,0.61,0.466885155793598
['100% Corpus'],23,0.9099999999999999,0.9099999999999999,0.466885155793598
['100% Corpus'],23,0.9099999999999999,symmetric,0.5247934400834369
['100% Corpus'],23,symmetric,0.01,0.3545391773483563
['100% Corpus'],23,symmetric,0.31,0.4059577286942307
['100% Corpus'],23,symmetric,0.61,0.4182466577430036
['100% Corpus'],23,symmetric,0.9099999999999999,0.3700428141072572
['100% Corpus'],23,symmetric,symmetric,0.36359099930126676
['100% Corpus'],23,asymmetric,0.01,0.425272337024286
['100% Corpus'],23,asymmetric,0.31,0.41757538533817834
['100% Corpus'],23,asymmetric,0.61,0.4209336722154056
['100% Corpus'],23,asymmetric,0.9099999999999999,0.4316611198835361
['100% Corpus'],23,asymmetric,symmetric,0.4198609285286076
['100% Corpus'],24,0.01,0.01,0.3307104133304311
['100% Corpus'],24,0.01,0.31,0.40318827224199977
['100% Corpus'],24,0.01,0.61,0.4011588330646602
['100% Corpus'],24,0.01,0.9099999999999999,0.3864593761801036
['100% Corpus'],24,0.01,symmetric,0.3157213621910236
['100% Corpus'],24,0.31,0.01,0.31752974139582585
['100% Corpus'],24,0.31,0.31,0.3368159211223816
['100% Corpus'],24,0.31,0.61,0.41135808862331896
['100% Corpus'],24,0.31,0.9099999999999999,0.4572676798915305
['100% Corpus'],24,0.31,symmetric,0.32696207394267324
['100% Corpus'],24,0.61,0.01,0.515853848587831
['100% Corpus'],24,0.61,0.31,0.4452935909845723
['100% Corpus'],24,0.61,0.61,0.5267334353965872
['100% Corpus'],24,0.61,0.9099999999999999,0.4702117837387492
['100% Corpus'],24,0.61,symmetric,0.4255821514388088
['100% Corpus'],24,0.9099999999999999,0.01,0.564145763502749
['100% Corpus'],24,0.9099999999999999,0.31,0.5641723744952837
['100% Corpus'],24,0.9099999999999999,0.61,0.4676525993409708
['100% Corpus'],24,0.9099999999999999,0.9099999999999999,0.46740041860640874
['100% Corpus'],24,0.9099999999999999,symmetric,0.5462126077135692
['100% Corpus'],24,symmetric,0.01,0.37249280280459046
['100% Corpus'],24,symmetric,0.31,0.4054762261169768
['100% Corpus'],24,symmetric,0.61,0.4244466302418724
['100% Corpus'],24,symmetric,0.9099999999999999,0.40519585386972706
['100% Corpus'],24,symmetric,symmetric,0.36726000160323635
['100% Corpus'],24,asymmetric,0.01,0.4003015471652449
['100% Corpus'],24,asymmetric,0.31,0.39954324997391827
['100% Corpus'],24,asymmetric,0.61,0.38161132533134373
['100% Corpus'],24,asymmetric,0.9099999999999999,0.3801098903120539
['100% Corpus'],24,asymmetric,symmetric,0.41958151177574043
['100% Corpus'],25,0.01,0.01,0.3621362682246051
['100% Corpus'],25,0.01,0.31,0.3913404043374164
['100% Corpus'],25,0.01,0.61,0.4230049341127959
['100% Corpus'],25,0.01,0.9099999999999999,0.42596855109695736
['100% Corpus'],25,0.01,symmetric,0.33677339789390837
['100% Corpus'],25,0.31,0.01,0.30576048466679856
['100% Corpus'],25,0.31,0.31,0.3503890936950571
['100% Corpus'],25,0.31,0.61,0.42897411115494327
['100% Corpus'],25,0.31,0.9099999999999999,0.4991140441559137
['100% Corpus'],25,0.31,symmetric,0.2986356223798617
['100% Corpus'],25,0.61,0.01,0.5388420824762636
['100% Corpus'],25,0.61,0.31,0.45197598370156833
['100% Corpus'],25,0.61,0.61,0.5164693037318534
['100% Corpus'],25,0.61,0.9099999999999999,0.46872199319951585
['100% Corpus'],25,0.61,symmetric,0.4444498101213238
['100% Corpus'],25,0.9099999999999999,0.01,0.562890723814498
['100% Corpus'],25,0.9099999999999999,0.31,0.535018685997916
['100% Corpus'],25,0.9099999999999999,0.61,0.4681167223025215
['100% Corpus'],25,0.9099999999999999,0.9099999999999999,0.46730815067431253
['100% Corpus'],25,0.9099999999999999,symmetric,0.5412905685812316
['100% Corpus'],25,symmetric,0.01,0.4124495507323951
['100% Corpus'],25,symmetric,0.31,0.39636718334450793
['100% Corpus'],25,symmetric,0.61,0.42241345342985087
['100% Corpus'],25,symmetric,0.9099999999999999,0.4259720227360519
['100% Corpus'],25,symmetric,symmetric,0.4545477977417211
['100% Corpus'],25,asymmetric,0.01,0.34026679330806503
['100% Corpus'],25,asymmetric,0.31,0.3449678942746278
['100% Corpus'],25,asymmetric,0.61,0.36126058052473276
['100% Corpus'],25,asymmetric,0.9099999999999999,0.35348944043252667
['100% Corpus'],25,asymmetric,symmetric,0.34041449384362793
['100% Corpus'],26,0.01,0.01,0.3175635228188741
['100% Corpus'],26,0.01,0.31,0.381926968899104
['100% Corpus'],26,0.01,0.61,0.3852549139221175
['100% Corpus'],26,0.01,0.9099999999999999,0.3594834299751728
['100% Corpus'],26,0.01,symmetric,0.32152269966429536
['100% Corpus'],26,0.31,0.01,0.36349608782419146
['100% Corpus'],26,0.31,0.31,0.3976704584710623
['100% Corpus'],26,0.31,0.61,0.4652839935685514
['100% Corpus'],26,0.31,0.9099999999999999,0.4264554654299618
['100% Corpus'],26,0.31,symmetric,0.3540634494704739
['100% Corpus'],26,0.61,0.01,0.5469268291127235
['100% Corpus'],26,0.61,0.31,0.44171041984721415
['100% Corpus'],26,0.61,0.61,0.490792079182345
['100% Corpus'],26,0.61,0.9099999999999999,0.46763219864071165
['100% Corpus'],26,0.61,symmetric,0.4473749722529571
['100% Corpus'],26,0.9099999999999999,0.01,0.5655100614441182
['100% Corpus'],26,0.9099999999999999,0.31,0.5211442927999645
['100% Corpus'],26,0.9099999999999999,0.61,0.46877776378821473
['100% Corpus'],26,0.9099999999999999,0.9099999999999999,0.4683059606584971
['100% Corpus'],26,0.9099999999999999,symmetric,0.5458436645098346
['100% Corpus'],26,symmetric,0.01,0.33027884461374246
['100% Corpus'],26,symmetric,0.31,0.39786989757109775
['100% Corpus'],26,symmetric,0.61,0.386515093675334
['100% Corpus'],26,symmetric,0.9099999999999999,0.35350240937000427
['100% Corpus'],26,symmetric,symmetric,0.33106730960960995
['100% Corpus'],26,asymmetric,0.01,0.37842346318344544
['100% Corpus'],26,asymmetric,0.31,0.34403433889663193
['100% Corpus'],26,asymmetric,0.61,0.375980050226095
['100% Corpus'],26,asymmetric,0.9099999999999999,0.37983467096200435
['100% Corpus'],26,asymmetric,symmetric,0.37589886899776237
['100% Corpus'],27,0.01,0.01,0.30934534561317356
['100% Corpus'],27,0.01,0.31,0.387713795734971
['100% Corpus'],27,0.01,0.61,0.3860595146513164
['100% Corpus'],27,0.01,0.9099999999999999,0.4268172495304623
['100% Corpus'],27,0.01,symmetric,0.3038158405053867
['100% Corpus'],27,0.31,0.01,0.3088130627202365
['100% Corpus'],27,0.31,0.31,0.35005850019760737
['100% Corpus'],27,0.31,0.61,0.4361530762508896
['100% Corpus'],27,0.31,0.9099999999999999,0.4807075280657859
['100% Corpus'],27,0.31,symmetric,0.3023426828492673
['100% Corpus'],27,0.61,0.01,0.5472042247411415
['100% Corpus'],27,0.61,0.31,0.4508951304354205
['100% Corpus'],27,0.61,0.61,0.4966322372779674
['100% Corpus'],27,0.61,0.9099999999999999,0.4672732134027182
['100% Corpus'],27,0.61,symmetric,0.5005415426973069
['100% Corpus'],27,0.9099999999999999,0.01,0.5618948324365974
['100% Corpus'],27,0.9099999999999999,0.31,0.5089482062784211
['100% Corpus'],27,0.9099999999999999,0.61,0.46633425895934866
['100% Corpus'],27,0.9099999999999999,0.9099999999999999,0.46460470142957216
['100% Corpus'],27,0.9099999999999999,symmetric,0.5607022589516241
['100% Corpus'],27,symmetric,0.01,0.36882648921119393
['100% Corpus'],27,symmetric,0.31,0.39478183735983685
['100% Corpus'],27,symmetric,0.61,0.4089137114736546
['100% Corpus'],27,symmetric,0.9099999999999999,0.4422808497964641
['100% Corpus'],27,symmetric,symmetric,0.348034610840595
['100% Corpus'],27,asymmetric,0.01,0.42779206678133325
['100% Corpus'],27,asymmetric,0.31,0.4525000100924666
['100% Corpus'],27,asymmetric,0.61,0.3989919911933284
['100% Corpus'],27,asymmetric,0.9099999999999999,0.3977035858860904
['100% Corpus'],27,asymmetric,symmetric,0.4338248835548907
['100% Corpus'],28,0.01,0.01,0.3297642854156812
['100% Corpus'],28,0.01,0.31,0.3953697417903048
['100% Corpus'],28,0.01,0.61,0.4382749742868043
['100% Corpus'],28,0.01,0.9099999999999999,0.4187047927224281
['100% Corpus'],28,0.01,symmetric,0.3430090559712356
['100% Corpus'],28,0.31,0.01,0.32278089463350934
['100% Corpus'],28,0.31,0.31,0.3653465893773525
['100% Corpus'],28,0.31,0.61,0.4564295107203243
['100% Corpus'],28,0.31,0.9099999999999999,0.5020083409506662
['100% Corpus'],28,0.31,symmetric,0.31843546134196493
['100% Corpus'],28,0.61,0.01,0.5443601734004332
['100% Corpus'],28,0.61,0.31,0.4748007599742037
['100% Corpus'],28,0.61,0.61,0.4725510596728794
['100% Corpus'],28,0.61,0.9099999999999999,0.4649408839314963
['100% Corpus'],28,0.61,symmetric,0.5113282688314141
['100% Corpus'],28,0.9099999999999999,0.01,0.5667319381345354
['100% Corpus'],28,0.9099999999999999,0.31,0.5053796570550079
['100% Corpus'],28,0.9099999999999999,0.61,0.4672236828767103
['100% Corpus'],28,0.9099999999999999,0.9099999999999999,0.4691659453525082
['100% Corpus'],28,0.9099999999999999,symmetric,0.5625758284025558
['100% Corpus'],28,symmetric,0.01,0.3818256863240393
['100% Corpus'],28,symmetric,0.31,0.3878079083556793
['100% Corpus'],28,symmetric,0.61,0.3942785766421026
['100% Corpus'],28,symmetric,0.9099999999999999,0.4102746260906717
['100% Corpus'],28,symmetric,symmetric,0.38444143828381055
['100% Corpus'],28,asymmetric,0.01,0.3692067238674813
['100% Corpus'],28,asymmetric,0.31,0.3826720305397604
['100% Corpus'],28,asymmetric,0.61,0.4161225440651881
['100% Corpus'],28,asymmetric,0.9099999999999999,0.4099195997114626
['100% Corpus'],28,asymmetric,symmetric,0.3761160378531302
['100% Corpus'],29,0.01,0.01,0.36528369687461615
['100% Corpus'],29,0.01,0.31,0.36908042460526824
['100% Corpus'],29,0.01,0.61,0.39269518113995533
['100% Corpus'],29,0.01,0.9099999999999999,0.43183324386947775
['100% Corpus'],29,0.01,symmetric,0.3779925958342366
['100% Corpus'],29,0.31,0.01,0.3595151921986388
['100% Corpus'],29,0.31,0.31,0.4005743467215167
['100% Corpus'],29,0.31,0.61,0.5063522302367796
['100% Corpus'],29,0.31,0.9099999999999999,0.47827264014646076
['100% Corpus'],29,0.31,symmetric,0.3533143252247316
['100% Corpus'],29,0.61,0.01,0.5379539975827211
['100% Corpus'],29,0.61,0.31,0.503315517705892
['100% Corpus'],29,0.61,0.61,0.4696036385586111
['100% Corpus'],29,0.61,0.9099999999999999,0.4688514118294317
['100% Corpus'],29,0.61,symmetric,0.5316794332465912
['100% Corpus'],29,0.9099999999999999,0.01,0.5698735137217767
['100% Corpus'],29,0.9099999999999999,0.31,0.49831670926482186
['100% Corpus'],29,0.9099999999999999,0.61,0.4676385791009526
['100% Corpus'],29,0.9099999999999999,0.9099999999999999,0.4670715002688832
['100% Corpus'],29,0.9099999999999999,symmetric,0.5671694794013596
['100% Corpus'],29,symmetric,0.01,0.3689404711882486
['100% Corpus'],29,symmetric,0.31,0.3778184626002243
['100% Corpus'],29,symmetric,0.61,0.40577230236794337
['100% Corpus'],29,symmetric,0.9099999999999999,0.4129854546535763
['100% Corpus'],29,symmetric,symmetric,0.38523914919445135
['100% Corpus'],29,asymmetric,0.01,0.406400400602206
['100% Corpus'],29,asymmetric,0.31,0.39452189665619053
['100% Corpus'],29,asymmetric,0.61,0.38796213314558414
['100% Corpus'],29,asymmetric,0.9099999999999999,0.372208549734239
['100% Corpus'],29,asymmetric,symmetric,0.4114304477422508
['100% Corpus'],30,0.01,0.01,0.32754902010650705
['100% Corpus'],30,0.01,0.31,0.3548548493433979
['100% Corpus'],30,0.01,0.61,0.37901363171597213
['100% Corpus'],30,0.01,0.9099999999999999,0.3351058220917126
['100% Corpus'],30,0.01,symmetric,0.33807507043539003
['100% Corpus'],30,0.31,0.01,0.3450989044186283
['100% Corpus'],30,0.31,0.31,0.3581541473552562
['100% Corpus'],30,0.31,0.61,0.39717217629546064
['100% Corpus'],30,0.31,0.9099999999999999,0.38960671067802505
['100% Corpus'],30,0.31,symmetric,0.34785956517015776
['100% Corpus'],30,0.61,0.01,0.537025559003381
['100% Corpus'],30,0.61,0.31,0.5353279676223786
['100% Corpus'],30,0.61,0.61,0.4691770824971295
['100% Corpus'],30,0.61,0.9099999999999999,0.4669241198925764
['100% Corpus'],30,0.61,symmetric,0.5495583167009032
['100% Corpus'],30,0.9099999999999999,0.01,0.568797160922307
['100% Corpus'],30,0.9099999999999999,0.31,0.4852928149894001
['100% Corpus'],30,0.9099999999999999,0.61,0.46542737669653717
['100% Corpus'],30,0.9099999999999999,0.9099999999999999,0.4663733378399311
['100% Corpus'],30,0.9099999999999999,symmetric,0.5691967886437667
['100% Corpus'],30,symmetric,0.01,0.33068715018890393
['100% Corpus'],30,symmetric,0.31,0.3546460706812952
['100% Corpus'],30,symmetric,0.61,0.3613932699532389
['100% Corpus'],30,symmetric,0.9099999999999999,0.33980129625457295
['100% Corpus'],30,symmetric,symmetric,0.3345727651531858
['100% Corpus'],30,asymmetric,0.01,0.3257789200611531
['100% Corpus'],30,asymmetric,0.31,0.3879838019378887
['100% Corpus'],30,asymmetric,0.61,0.3768513068304608
['100% Corpus'],30,asymmetric,0.9099999999999999,0.39158850789460015
['100% Corpus'],30,asymmetric,symmetric,0.3333705303112738
['100% Corpus'],2,0.01,0.01,0.523269800648442
['100% Corpus'],2,0.01,0.31,0.523109267593491
['100% Corpus'],2,0.01,0.61,0.5380211738717915
['100% Corpus'],2,0.01,0.9099999999999999,0.5420646217954319
['100% Corpus'],2,0.01,symmetric,0.5274815137728519
['100% Corpus'],2,0.31,0.01,0.5223687021944701
['100% Corpus'],2,0.31,0.31,0.5390902706309856
['100% Corpus'],2,0.31,0.61,0.5390902706309856
['100% Corpus'],2,0.31,0.9099999999999999,0.5362725489675694
['100% Corpus'],2,0.31,symmetric,0.5390902706309856
['100% Corpus'],2,0.61,0.01,0.531798908833576
['100% Corpus'],2,0.61,0.31,0.5331244358492444
['100% Corpus'],2,0.61,0.61,0.528102984476136
['100% Corpus'],2,0.61,0.9099999999999999,0.5332169088141524
['100% Corpus'],2,0.61,symmetric,0.528102984476136
['100% Corpus'],2,0.9099999999999999,0.01,0.5240525142744894
['100% Corpus'],2,0.9099999999999999,0.31,0.5127907610522011
['100% Corpus'],2,0.9099999999999999,0.61,0.5161237849990403
['100% Corpus'],2,0.9099999999999999,0.9099999999999999,0.49158642186156687
['100% Corpus'],2,0.9099999999999999,symmetric,0.5161237849990403
['100% Corpus'],2,symmetric,0.01,0.5188713060864707
['100% Corpus'],2,symmetric,0.31,0.5331244358492444
['100% Corpus'],2,symmetric,0.61,0.5332169088141524
['100% Corpus'],2,symmetric,0.9099999999999999,0.5332169088141525
['100% Corpus'],2,symmetric,symmetric,0.528102984476136
['100% Corpus'],2,asymmetric,0.01,0.49965837809940283
['100% Corpus'],2,asymmetric,0.31,0.5056725562458266
['100% Corpus'],2,asymmetric,0.61,0.48259261250912566
['100% Corpus'],2,asymmetric,0.9099999999999999,0.46640865987013297
['100% Corpus'],2,asymmetric,symmetric,0.5018685031945732
['100% Corpus'],3,0.01,0.01,0.5158047359251025
['100% Corpus'],3,0.01,0.31,0.5306104913378008
['100% Corpus'],3,0.01,0.61,0.5419799918352816
['100% Corpus'],3,0.01,0.9099999999999999,0.5451072545114037
['100% Corpus'],3,0.01,symmetric,0.546000738338151
['100% Corpus'],3,0.31,0.01,0.5198956869591197
['100% Corpus'],3,0.31,0.31,0.5285019942282484
['100% Corpus'],3,0.31,0.61,0.5285019942282485
['100% Corpus'],3,0.31,0.9099999999999999,0.5272576396416352
['100% Corpus'],3,0.31,symmetric,0.5285019942282485
['100% Corpus'],3,0.61,0.01,0.543229471994565
['100% Corpus'],3,0.61,0.31,0.5418990086185295
['100% Corpus'],3,0.61,0.61,0.5359398557475085
['100% Corpus'],3,0.61,0.9099999999999999,0.5294165891960302
['100% Corpus'],3,0.61,symmetric,0.5418990086185295
['100% Corpus'],3,0.9099999999999999,0.01,0.5506800852691801
['100% Corpus'],3,0.9099999999999999,0.31,0.5416038547959877
['100% Corpus'],3,0.9099999999999999,0.61,0.5328176538355928
['100% Corpus'],3,0.9099999999999999,0.9099999999999999,0.5347906963757924
['100% Corpus'],3,0.9099999999999999,symmetric,0.5416038547959877
['100% Corpus'],3,symmetric,0.01,0.5354746804671646
['100% Corpus'],3,symmetric,0.31,0.5301423375517632
['100% Corpus'],3,symmetric,0.61,0.5343552456541082
['100% Corpus'],3,symmetric,0.9099999999999999,0.5163275085695526
['100% Corpus'],3,symmetric,symmetric,0.5301423375517633
['100% Corpus'],3,asymmetric,0.01,0.5043656824649568
['100% Corpus'],3,asymmetric,0.31,0.486352613779687
['100% Corpus'],3,asymmetric,0.61,0.5499019691649277
['100% Corpus'],3,asymmetric,0.9099999999999999,0.6775995182559337
['100% Corpus'],3,asymmetric,symmetric,0.486352613779687
['100% Corpus'],4,0.01,0.01,0.49283599869212136
['100% Corpus'],4,0.01,0.31,0.5157313158799544
['100% Corpus'],4,0.01,0.61,0.5477793952478569
['100% Corpus'],4,0.01,0.9099999999999999,0.5269436782612211
['100% Corpus'],4,0.01,symmetric,0.5156983507137537
['100% Corpus'],4,0.31,0.01,0.5098372657061618
['100% Corpus'],4,0.31,0.31,0.4948428503168688
['100% Corpus'],4,0.31,0.61,0.49466458006318703
['100% Corpus'],4,0.31,0.9099999999999999,0.4916590951726094
['100% Corpus'],4,0.31,symmetric,0.4982334221395572
['100% Corpus'],4,0.61,0.01,0.519232624907069
['100% Corpus'],4,0.61,0.31,0.520444839696216
['100% Corpus'],4,0.61,0.61,0.4974583021181008
['100% Corpus'],4,0.61,0.9099999999999999,0.48184786297299464
['100% Corpus'],4,0.61,symmetric,0.5177553900609789
['100% Corpus'],4,0.9099999999999999,0.01,0.516722289763077
['100% Corpus'],4,0.9099999999999999,0.31,0.5221970086898351
['100% Corpus'],4,0.9099999999999999,0.61,0.5084505464019977
['100% Corpus'],4,0.9099999999999999,0.9099999999999999,0.4710341822235271
['100% Corpus'],4,0.9099999999999999,symmetric,0.5177553900609789
['100% Corpus'],4,symmetric,0.01,0.5078855956005368
['100% Corpus'],4,symmetric,0.31,0.5087703723052321
['100% Corpus'],4,symmetric,0.61,0.5054552565500585
['100% Corpus'],4,symmetric,0.9099999999999999,0.5263761623447204
['100% Corpus'],4,symmetric,symmetric,0.5079690836752064
['100% Corpus'],4,asymmetric,0.01,0.507387306167997
['100% Corpus'],4,asymmetric,0.31,0.38147387856361836
['100% Corpus'],4,asymmetric,0.61,0.5154740135829434
['100% Corpus'],4,asymmetric,0.9099999999999999,0.523992379360086
['100% Corpus'],4,asymmetric,symmetric,0.3854512897189828
['100% Corpus'],5,0.01,0.01,0.504408826343173
['100% Corpus'],5,0.01,0.31,0.4918696744578511
['100% Corpus'],5,0.01,0.61,0.5217648597825904
['100% Corpus'],5,0.01,0.9099999999999999,0.47044247343446466
['100% Corpus'],5,0.01,symmetric,0.5143648823390448
['100% Corpus'],5,0.31,0.01,0.5099997347829561
['100% Corpus'],5,0.31,0.31,0.49398989484471584
['100% Corpus'],5,0.31,0.61,0.4954286359527923
['100% Corpus'],5,0.31,0.9099999999999999,0.4707986209609533
['100% Corpus'],5,0.31,symmetric,0.5101013862726242
['100% Corpus'],5,0.61,0.01,0.5321667234642303
['100% Corpus'],5,0.61,0.31,0.5198205530612205
['100% Corpus'],5,0.61,0.61,0.5079544448815559
['100% Corpus'],5,0.61,0.9099999999999999,0.49020073731585107
['100% Corpus'],5,0.61,symmetric,0.5188896184374169
['100% Corpus'],5,0.9099999999999999,0.01,0.5400978434044628
['100% Corpus'],5,0.9099999999999999,0.31,0.5334235751485272
['100% Corpus'],5,0.9099999999999999,0.61,0.4881480109924536
['100% Corpus'],5,0.9099999999999999,0.9099999999999999,0.4563806977395453
['100% Corpus'],5,0.9099999999999999,symmetric,0.5258689873876341
['100% Corpus'],5,symmetric,0.01,0.5060177642239351
['100% Corpus'],5,symmetric,0.31,0.5208747525761668
['100% Corpus'],5,symmetric,0.61,0.5168590199681167
['100% Corpus'],5,symmetric,0.9099999999999999,0.5116664093806285
['100% Corpus'],5,symmetric,symmetric,0.5097128467417338
['100% Corpus'],5,asymmetric,0.01,0.48868458248104707
['100% Corpus'],5,asymmetric,0.31,0.5314811744063559
['100% Corpus'],5,asymmetric,0.61,0.5491959555897573
['100% Corpus'],5,asymmetric,0.9099999999999999,0.5475655751708846
['100% Corpus'],5,asymmetric,symmetric,0.4429503533878023
['100% Corpus'],6,0.01,0.01,0.5147107432464962
['100% Corpus'],6,0.01,0.31,0.4982658927457501
['100% Corpus'],6,0.01,0.61,0.4948544121686265
['100% Corpus'],6,0.01,0.9099999999999999,0.5042658169484082
['100% Corpus'],6,0.01,symmetric,0.5281551387637944
['100% Corpus'],6,0.31,0.01,0.4870439042986871
['100% Corpus'],6,0.31,0.31,0.4916598255585071
['100% Corpus'],6,0.31,0.61,0.4778127618240491
['100% Corpus'],6,0.31,0.9099999999999999,0.4746458189724072
['100% Corpus'],6,0.31,symmetric,0.49535245570227887
['100% Corpus'],6,0.61,0.01,0.49430714213137544
['100% Corpus'],6,0.61,0.31,0.4848481728905532
['100% Corpus'],6,0.61,0.61,0.4825117017268761
['100% Corpus'],6,0.61,0.9099999999999999,0.4698819239924891
['100% Corpus'],6,0.61,symmetric,0.4855168568685632
['100% Corpus'],6,0.9099999999999999,0.01,0.49256943035958384
['100% Corpus'],6,0.9099999999999999,0.31,0.49184920849197195
['100% Corpus'],6,0.9099999999999999,0.61,0.4672660730636267
['100% Corpus'],6,0.9099999999999999,0.9099999999999999,0.43796955099351015
['100% Corpus'],6,0.9099999999999999,symmetric,0.4774560895466419
['100% Corpus'],6,symmetric,0.01,0.47986609053470125
['100% Corpus'],6,symmetric,0.31,0.4978249526052019
['100% Corpus'],6,symmetric,0.61,0.4999160038415827
['100% Corpus'],6,symmetric,0.9099999999999999,0.509759302447748
['100% Corpus'],6,symmetric,symmetric,0.4921939355449165
['100% Corpus'],6,asymmetric,0.01,0.47177977396389165
['100% Corpus'],6,asymmetric,0.31,0.4101637181468057
['100% Corpus'],6,asymmetric,0.61,0.40050472004568655
['100% Corpus'],6,asymmetric,0.9099999999999999,0.3513514928742118
['100% Corpus'],6,asymmetric,symmetric,0.4293222712315299
['100% Corpus'],7,0.01,0.01,0.5171200057223064
['100% Corpus'],7,0.01,0.31,0.48050403131678215
['100% Corpus'],7,0.01,0.61,0.4930658340549626
['100% Corpus'],7,0.01,0.9099999999999999,0.5215021012839091
['100% Corpus'],7,0.01,symmetric,0.49686295809782793
['100% Corpus'],7,0.31,0.01,0.4784861360626581
['100% Corpus'],7,0.31,0.31,0.4932688573344506
['100% Corpus'],7,0.31,0.61,0.479568924561551
['100% Corpus'],7,0.31,0.9099999999999999,0.49383442768948005
['100% Corpus'],7,0.31,symmetric,0.4811268840305076
['100% Corpus'],7,0.61,0.01,0.4763870370936104
['100% Corpus'],7,0.61,0.31,0.4700264151337587
['100% Corpus'],7,0.61,0.61,0.44957582767333376
['100% Corpus'],7,0.61,0.9099999999999999,0.4521646337980303
['100% Corpus'],7,0.61,symmetric,0.4647498785423088
['100% Corpus'],7,0.9099999999999999,0.01,0.48506420171329473
['100% Corpus'],7,0.9099999999999999,0.31,0.4563195090779231
['100% Corpus'],7,0.9099999999999999,0.61,0.431587588352341
['100% Corpus'],7,0.9099999999999999,0.9099999999999999,0.4407239236070781
['100% Corpus'],7,0.9099999999999999,symmetric,0.4721562264110073
['100% Corpus'],7,symmetric,0.01,0.490955084185423
['100% Corpus'],7,symmetric,0.31,0.5061355996981269
['100% Corpus'],7,symmetric,0.61,0.47883754923280347
['100% Corpus'],7,symmetric,0.9099999999999999,0.5100419475806195
['100% Corpus'],7,symmetric,symmetric,0.49296890756240386
['100% Corpus'],7,asymmetric,0.01,0.4777616923544131
['100% Corpus'],7,asymmetric,0.31,0.5001893509102907
['100% Corpus'],7,asymmetric,0.61,0.5976348141132038
['100% Corpus'],7,asymmetric,0.9099999999999999,0.5682837280618809
['100% Corpus'],7,asymmetric,symmetric,0.566593672024186
['100% Corpus'],8,0.01,0.01,0.4967718065731863
['100% Corpus'],8,0.01,0.31,0.4980975994623166
['100% Corpus'],8,0.01,0.61,0.4873320989361021
['100% Corpus'],8,0.01,0.9099999999999999,0.4760103545403961
['100% Corpus'],8,0.01,symmetric,0.48019539620808105
['100% Corpus'],8,0.31,0.01,0.49707136657761153
['100% Corpus'],8,0.31,0.31,0.47275999163938165
['100% Corpus'],8,0.31,0.61,0.4473942783671804
['100% Corpus'],8,0.31,0.9099999999999999,0.4704746399300765
['100% Corpus'],8,0.31,symmetric,0.4898202095060735
['100% Corpus'],8,0.61,0.01,0.4569053904927589
['100% Corpus'],8,0.61,0.31,0.44002827002472
['100% Corpus'],8,0.61,0.61,0.44721615430738343
['100% Corpus'],8,0.61,0.9099999999999999,0.443651026856538
['100% Corpus'],8,0.61,symmetric,0.46466201407746627
['100% Corpus'],8,0.9099999999999999,0.01,0.48552148780512266
['100% Corpus'],8,0.9099999999999999,0.31,0.4409375389287477
['100% Corpus'],8,0.9099999999999999,0.61,0.41982187270851945
['100% Corpus'],8,0.9099999999999999,0.9099999999999999,0.44537195048206146
['100% Corpus'],8,0.9099999999999999,symmetric,0.46674606632694005
['100% Corpus'],8,symmetric,0.01,0.4768532084214751
['100% Corpus'],8,symmetric,0.31,0.49596414418449786
['100% Corpus'],8,symmetric,0.61,0.49840738286319963
['100% Corpus'],8,symmetric,0.9099999999999999,0.5002013161459166
['100% Corpus'],8,symmetric,symmetric,0.49411002377148794
['100% Corpus'],8,asymmetric,0.01,0.433758912669295
['100% Corpus'],8,asymmetric,0.31,0.4330055792389923
['100% Corpus'],8,asymmetric,0.61,0.4669884887964552
['100% Corpus'],8,asymmetric,0.9099999999999999,0.4395752519632035
['100% Corpus'],8,asymmetric,symmetric,0.5167077356784622
['100% Corpus'],9,0.01,0.01,0.4557966065192142
['100% Corpus'],9,0.01,0.31,0.4192393280552687
['100% Corpus'],9,0.01,0.61,0.4370165301116068
['100% Corpus'],9,0.01,0.9099999999999999,0.4669352678277805
['100% Corpus'],9,0.01,symmetric,0.4343604167774095
['100% Corpus'],9,0.31,0.01,0.46268951524868296
['100% Corpus'],9,0.31,0.31,0.43380038015874844
['100% Corpus'],9,0.31,0.61,0.4252137094012649
['100% Corpus'],9,0.31,0.9099999999999999,0.43165151280101605
['100% Corpus'],9,0.31,symmetric,0.45053332901481596
['100% Corpus'],9,0.61,0.01,0.45376184066691405
['100% Corpus'],9,0.61,0.31,0.42494101412689883
['100% Corpus'],9,0.61,0.61,0.43447561430979187
['100% Corpus'],9,0.61,0.9099999999999999,0.4411022744239259
['100% Corpus'],9,0.61,symmetric,0.4425650042918653
['100% Corpus'],9,0.9099999999999999,0.01,0.47251421145859596
['100% Corpus'],9,0.9099999999999999,0.31,0.44069798262527304
['100% Corpus'],9,0.9099999999999999,0.61,0.5012231477494358
['100% Corpus'],9,0.9099999999999999,0.9099999999999999,0.45568847115025146
['100% Corpus'],9,0.9099999999999999,symmetric,0.46957091473003854
['100% Corpus'],9,symmetric,0.01,0.46001147284082283
['100% Corpus'],9,symmetric,0.31,0.43297741924509814
['100% Corpus'],9,symmetric,0.61,0.4588244724212333
['100% Corpus'],9,symmetric,0.9099999999999999,0.47023354108485893
['100% Corpus'],9,symmetric,symmetric,0.4405619853690815
['100% Corpus'],9,asymmetric,0.01,0.5283539671359596
['100% Corpus'],9,asymmetric,0.31,0.5232611781230463
['100% Corpus'],9,asymmetric,0.61,0.4908981399562995
['100% Corpus'],9,asymmetric,0.9099999999999999,0.4405381999435558
['100% Corpus'],9,asymmetric,symmetric,0.5176376256264431
['100% Corpus'],10,0.01,0.01,0.46200221634462657
['100% Corpus'],10,0.01,0.31,0.43642516141338694
['100% Corpus'],10,0.01,0.61,0.4209657013474996
['100% Corpus'],10,0.01,0.9099999999999999,0.4317386045562617
['100% Corpus'],10,0.01,symmetric,0.4769825834675368
['100% Corpus'],10,0.31,0.01,0.4726768814712936
['100% Corpus'],10,0.31,0.31,0.44696584458629457
['100% Corpus'],10,0.31,0.61,0.44434323872569853
['100% Corpus'],10,0.31,0.9099999999999999,0.46799327585173583
['100% Corpus'],10,0.31,symmetric,0.4656636722084171
['100% Corpus'],10,0.61,0.01,0.46102315323908416
['100% Corpus'],10,0.61,0.31,0.43694974350056964
['100% Corpus'],10,0.61,0.61,0.4574817356081013
['100% Corpus'],10,0.61,0.9099999999999999,0.46677896757865583
['100% Corpus'],10,0.61,symmetric,0.445021587532268
['100% Corpus'],10,0.9099999999999999,0.01,0.463684976026136
['100% Corpus'],10,0.9099999999999999,0.31,0.4352862530518455
['100% Corpus'],10,0.9099999999999999,0.61,0.5115853750600255
['100% Corpus'],10,0.9099999999999999,0.9099999999999999,0.4633137859396458
['100% Corpus'],10,0.9099999999999999,symmetric,0.45558530186263085
['100% Corpus'],10,symmetric,0.01,0.4917185495400652
['100% Corpus'],10,symmetric,0.31,0.47717905075456873
['100% Corpus'],10,symmetric,0.61,0.4380994606027043
['100% Corpus'],10,symmetric,0.9099999999999999,0.42164646000379075
['100% Corpus'],10,symmetric,symmetric,0.48083133502637543
['100% Corpus'],10,asymmetric,0.01,0.49345426287148664
['100% Corpus'],10,asymmetric,0.31,0.4654531928317514
['100% Corpus'],10,asymmetric,0.61,0.36315583166373433
['100% Corpus'],10,asymmetric,0.9099999999999999,0.34897941448763714
['100% Corpus'],10,asymmetric,symmetric,0.4719117418358391
['100% Corpus'],11,0.01,0.01,0.41653226322602177
['100% Corpus'],11,0.01,0.31,0.4646252258638269
['100% Corpus'],11,0.01,0.61,0.48936606448626935
['100% Corpus'],11,0.01,0.9099999999999999,0.45758997365657894
['100% Corpus'],11,0.01,symmetric,0.42710374152263325
['100% Corpus'],11,0.31,0.01,0.4477571390264543
['100% Corpus'],11,0.31,0.31,0.41669032269680173
['100% Corpus'],11,0.31,0.61,0.4520295189934329
['100% Corpus'],11,0.31,0.9099999999999999,0.4505852532611238
['100% Corpus'],11,0.31,symmetric,0.4261292998798497
['100% Corpus'],11,0.61,0.01,0.4627322135187853
['100% Corpus'],11,0.61,0.31,0.4283028767693349
['100% Corpus'],11,0.61,0.61,0.4516943034093614
['100% Corpus'],11,0.61,0.9099999999999999,0.48468947279581703
['100% Corpus'],11,0.61,symmetric,0.43804463803278976
['100% Corpus'],11,0.9099999999999999,0.01,0.4705984449997917
['100% Corpus'],11,0.9099999999999999,0.31,0.44601798916847196
['100% Corpus'],11,0.9099999999999999,0.61,0.4843803372155357
['100% Corpus'],11,0.9099999999999999,0.9099999999999999,0.4914656235342655
['100% Corpus'],11,0.9099999999999999,symmetric,0.4571063520061706
['100% Corpus'],11,symmetric,0.01,0.45462433231232285
['100% Corpus'],11,symmetric,0.31,0.4592115523895208
['100% Corpus'],11,symmetric,0.61,0.4629676348244777
['100% Corpus'],11,symmetric,0.9099999999999999,0.4389008209245354
['100% Corpus'],11,symmetric,symmetric,0.4484212095704745
['100% Corpus'],11,asymmetric,0.01,0.43292301818990103
['100% Corpus'],11,asymmetric,0.31,0.4681431985364107
['100% Corpus'],11,asymmetric,0.61,0.36596195488501704
['100% Corpus'],11,asymmetric,0.9099999999999999,0.34101728912324586
['100% Corpus'],11,asymmetric,symmetric,0.4514592561775031
['100% Corpus'],12,0.01,0.01,0.4705471598712829
['100% Corpus'],12,0.01,0.31,0.44299016616244963
['100% Corpus'],12,0.01,0.61,0.419172757816579
['100% Corpus'],12,0.01,0.9099999999999999,0.41327745757799333
['100% Corpus'],12,0.01,symmetric,0.44401600558680787
['100% Corpus'],12,0.31,0.01,0.4618959983229027
['100% Corpus'],12,0.31,0.31,0.4660513196011798
['100% Corpus'],12,0.31,0.61,0.47745811226095713
['100% Corpus'],12,0.31,0.9099999999999999,0.4839935786087637
['100% Corpus'],12,0.31,symmetric,0.45713982402299463
['100% Corpus'],12,0.61,0.01,0.4363787983689707
['100% Corpus'],12,0.61,0.31,0.448081174637309
['100% Corpus'],12,0.61,0.61,0.48380680442588964
['100% Corpus'],12,0.61,0.9099999999999999,0.5596920120916463
['100% Corpus'],12,0.61,symmetric,0.434247144575024
['100% Corpus'],12,0.9099999999999999,0.01,0.4655331084706309
['100% Corpus'],12,0.9099999999999999,0.31,0.4414962308273309
['100% Corpus'],12,0.9099999999999999,0.61,0.4847423536886691
['100% Corpus'],12,0.9099999999999999,0.9099999999999999,0.49332870893775643
['100% Corpus'],12,0.9099999999999999,symmetric,0.43619632264304015
['100% Corpus'],12,symmetric,0.01,0.45661411865445195
['100% Corpus'],12,symmetric,0.31,0.43841134148028615
['100% Corpus'],12,symmetric,0.61,0.4410241078472495
['100% Corpus'],12,symmetric,0.9099999999999999,0.4044981908901028
['100% Corpus'],12,symmetric,symmetric,0.4710580690128389
['100% Corpus'],12,asymmetric,0.01,0.412993811326742
['100% Corpus'],12,asymmetric,0.31,0.3771541795693553
['100% Corpus'],12,asymmetric,0.61,0.4293984382387593
['100% Corpus'],12,asymmetric,0.9099999999999999,0.4187390389686189
['100% Corpus'],12,asymmetric,symmetric,0.3906981616874157
['100% Corpus'],13,0.01,0.01,0.4394826759858308
['100% Corpus'],13,0.01,0.31,0.43992230237889307
['100% Corpus'],13,0.01,0.61,0.4475859648036608
['100% Corpus'],13,0.01,0.9099999999999999,0.39909677157667084
['100% Corpus'],13,0.01,symmetric,0.4407324645287823
['100% Corpus'],13,0.31,0.01,0.42069844215450114
['100% Corpus'],13,0.31,0.31,0.3891144799119646
['100% Corpus'],13,0.31,0.61,0.39391692042068593
['100% Corpus'],13,0.31,0.9099999999999999,0.421809072065821
['100% Corpus'],13,0.31,symmetric,0.4160119482040445
['100% Corpus'],13,0.61,0.01,0.4259128180659045
['100% Corpus'],13,0.61,0.31,0.43104075865805097
['100% Corpus'],13,0.61,0.61,0.5433110097314686
['100% Corpus'],13,0.61,0.9099999999999999,0.5241327715460764
['100% Corpus'],13,0.61,symmetric,0.4237107593420396
['100% Corpus'],13,0.9099999999999999,0.01,0.47149722532864485
['100% Corpus'],13,0.9099999999999999,0.31,0.459285274592128
['100% Corpus'],13,0.9099999999999999,0.61,0.49724212018930064
['100% Corpus'],13,0.9099999999999999,0.9099999999999999,0.49206044534267895
['100% Corpus'],13,0.9099999999999999,symmetric,0.43622029121256783
['100% Corpus'],13,symmetric,0.01,0.41181647431347823
['100% Corpus'],13,symmetric,0.31,0.42274169169845827
['100% Corpus'],13,symmetric,0.61,0.5210351861720254
['100% Corpus'],13,symmetric,0.9099999999999999,0.44512257103793323
['100% Corpus'],13,symmetric,symmetric,0.4361738368633642
['100% Corpus'],13,asymmetric,0.01,0.39227165522506346
['100% Corpus'],13,asymmetric,0.31,0.44479450982542473
['100% Corpus'],13,asymmetric,0.61,0.38865935476641766
['100% Corpus'],13,asymmetric,0.9099999999999999,0.40075015701905325
['100% Corpus'],13,asymmetric,symmetric,0.39264534980908583
['100% Corpus'],14,0.01,0.01,0.43661322841820077
['100% Corpus'],14,0.01,0.31,0.4052840371923822
['100% Corpus'],14,0.01,0.61,0.4349425920521277
['100% Corpus'],14,0.01,0.9099999999999999,0.43020121174537274
['100% Corpus'],14,0.01,symmetric,0.4370971104998492
['100% Corpus'],14,0.31,0.01,0.434717381515866
['100% Corpus'],14,0.31,0.31,0.39121776672326375
['100% Corpus'],14,0.31,0.61,0.40348693699769356
['100% Corpus'],14,0.31,0.9099999999999999,0.4364080771084004
['100% Corpus'],14,0.31,symmetric,0.42990032567043196
['100% Corpus'],14,0.61,0.01,0.4224262362866432
['100% Corpus'],14,0.61,0.31,0.41152211871825617
['100% Corpus'],14,0.61,0.61,0.4951054841189955
['100% Corpus'],14,0.61,0.9099999999999999,0.6147122403762594
['100% Corpus'],14,0.61,symmetric,0.41645953080632075
['100% Corpus'],14,0.9099999999999999,0.01,0.4712861917195218
['100% Corpus'],14,0.9099999999999999,0.31,0.4566332573750314
['100% Corpus'],14,0.9099999999999999,0.61,0.47759684497642957
['100% Corpus'],14,0.9099999999999999,0.9099999999999999,0.4910856385303023
['100% Corpus'],14,0.9099999999999999,symmetric,0.43412317280037854
['100% Corpus'],14,symmetric,0.01,0.4545965448254933
['100% Corpus'],14,symmetric,0.31,0.470016830744343
['100% Corpus'],14,symmetric,0.61,0.46708832548430684
['100% Corpus'],14,symmetric,0.9099999999999999,0.3979470865986573
['100% Corpus'],14,symmetric,symmetric,0.4755837102000999
['100% Corpus'],14,asymmetric,0.01,0.3992200008425897
['100% Corpus'],14,asymmetric,0.31,0.40853833724134586
['100% Corpus'],14,asymmetric,0.61,0.37674092610032517
['100% Corpus'],14,asymmetric,0.9099999999999999,0.36344272053027626
['100% Corpus'],14,asymmetric,symmetric,0.43572139914888824
['100% Corpus'],15,0.01,0.01,0.3903395310570182
['100% Corpus'],15,0.01,0.31,0.39838301690530253
['100% Corpus'],15,0.01,0.61,0.43031508248972933
['100% Corpus'],15,0.01,0.9099999999999999,0.3953095940932886
['100% Corpus'],15,0.01,symmetric,0.37297935628194734
['100% Corpus'],15,0.31,0.01,0.409675456013992
['100% Corpus'],15,0.31,0.31,0.37840740735067063
['100% Corpus'],15,0.31,0.61,0.3717862878794852
['100% Corpus'],15,0.31,0.9099999999999999,0.4090359274049007
['100% Corpus'],15,0.31,symmetric,0.39200468785303216
['100% Corpus'],15,0.61,0.01,0.4201846977887544
['100% Corpus'],15,0.61,0.31,0.406029209297984
['100% Corpus'],15,0.61,0.61,0.5111139233815464
['100% Corpus'],15,0.61,0.9099999999999999,0.5686356529762109
['100% Corpus'],15,0.61,symmetric,0.3917607464598378
['100% Corpus'],15,0.9099999999999999,0.01,0.5204367563388175
['100% Corpus'],15,0.9099999999999999,0.31,0.44738057054320196
['100% Corpus'],15,0.9099999999999999,0.61,0.486137609042398
['100% Corpus'],15,0.9099999999999999,0.9099999999999999,0.49155606806920765
['100% Corpus'],15,0.9099999999999999,symmetric,0.4193240869056632
['100% Corpus'],15,symmetric,0.01,0.39440156498825785
['100% Corpus'],15,symmetric,0.31,0.37652407513069563
['100% Corpus'],15,symmetric,0.61,0.39000364012698013
['100% Corpus'],15,symmetric,0.9099999999999999,0.43752330053972854
['100% Corpus'],15,symmetric,symmetric,0.429921092029503
['100% Corpus'],15,asymmetric,0.01,0.3265505627710174
['100% Corpus'],15,asymmetric,0.31,0.3963036476275876
['100% Corpus'],15,asymmetric,0.61,0.41949189466130316
['100% Corpus'],15,asymmetric,0.9099999999999999,0.42929856726026727
['100% Corpus'],15,asymmetric,symmetric,0.33749467710483516
['100% Corpus'],16,0.01,0.01,0.4100632315243002
['100% Corpus'],16,0.01,0.31,0.37699870931303153
['100% Corpus'],16,0.01,0.61,0.37807219553682797
['100% Corpus'],16,0.01,0.9099999999999999,0.3836970418144119
['100% Corpus'],16,0.01,symmetric,0.4097763429271427
['100% Corpus'],16,0.31,0.01,0.3858169551531889
['100% Corpus'],16,0.31,0.31,0.37777189953573564
['100% Corpus'],16,0.31,0.61,0.42151308775487273
['100% Corpus'],16,0.31,0.9099999999999999,0.4339233918274743
['100% Corpus'],16,0.31,symmetric,0.3609394038465604
['100% Corpus'],16,0.61,0.01,0.40292712770176176
['100% Corpus'],16,0.61,0.31,0.42428518764907597
['100% Corpus'],16,0.61,0.61,0.5592162226194435
['100% Corpus'],16,0.61,0.9099999999999999,0.5746706849980471
['100% Corpus'],16,0.61,symmetric,0.41440210500019836
['100% Corpus'],16,0.9099999999999999,0.01,0.5202852038377213
['100% Corpus'],16,0.9099999999999999,0.31,0.49144624227508127
['100% Corpus'],16,0.9099999999999999,0.61,0.49398431997482933
['100% Corpus'],16,0.9099999999999999,0.9099999999999999,0.4913700503390223
['100% Corpus'],16,0.9099999999999999,symmetric,0.433810250208146
['100% Corpus'],16,symmetric,0.01,0.4044621630414758
['100% Corpus'],16,symmetric,0.31,0.40419054840018526
['100% Corpus'],16,symmetric,0.61,0.368791068825155
['100% Corpus'],16,symmetric,0.9099999999999999,0.35419698840606156
['100% Corpus'],16,symmetric,symmetric,0.4172923477875218
['100% Corpus'],16,asymmetric,0.01,0.4191568911254677
['100% Corpus'],16,asymmetric,0.31,0.45911374299722063
['100% Corpus'],16,asymmetric,0.61,0.4615094018414818
['100% Corpus'],16,asymmetric,0.9099999999999999,0.48005269934556183
['100% Corpus'],16,asymmetric,symmetric,0.41700059958250807
['100% Corpus'],17,0.01,0.01,0.39332837194942705
['100% Corpus'],17,0.01,0.31,0.44316565203965
['100% Corpus'],17,0.01,0.61,0.4398375670727825
['100% Corpus'],17,0.01,0.9099999999999999,0.42265839498277813
['100% Corpus'],17,0.01,symmetric,0.43221780209526645
['100% Corpus'],17,0.31,0.01,0.3907546658474949
['100% Corpus'],17,0.31,0.31,0.377315778171095
['100% Corpus'],17,0.31,0.61,0.4497410819590809
['100% Corpus'],17,0.31,0.9099999999999999,0.4393208836392466
['100% Corpus'],17,0.31,symmetric,0.3794735573552811
['100% Corpus'],17,0.61,0.01,0.44323395343865746
['100% Corpus'],17,0.61,0.31,0.45432126770066983
['100% Corpus'],17,0.61,0.61,0.6005760781394043
['100% Corpus'],17,0.61,0.9099999999999999,0.5038076891440494
['100% Corpus'],17,0.61,symmetric,0.4364213732078655
['100% Corpus'],17,0.9099999999999999,0.01,0.531874441599288
['100% Corpus'],17,0.9099999999999999,0.31,0.5235159649053952
['100% Corpus'],17,0.9099999999999999,0.61,0.4925348000847227
['100% Corpus'],17,0.9099999999999999,0.9099999999999999,0.4915567480617337
['100% Corpus'],17,0.9099999999999999,symmetric,0.463581477707666
['100% Corpus'],17,symmetric,0.01,0.480493598344547
['100% Corpus'],17,symmetric,0.31,0.4639378123400211
['100% Corpus'],17,symmetric,0.61,0.4522894318508377
['100% Corpus'],17,symmetric,0.9099999999999999,0.4371775070863711
['100% Corpus'],17,symmetric,symmetric,0.46746177334502015
['100% Corpus'],17,asymmetric,0.01,0.4311729609677223
['100% Corpus'],17,asymmetric,0.31,0.4142331585913426
['100% Corpus'],17,asymmetric,0.61,0.41020253989341354
['100% Corpus'],17,asymmetric,0.9099999999999999,0.40217163378420795
['100% Corpus'],17,asymmetric,symmetric,0.457019082469417
['100% Corpus'],18,0.01,0.01,0.46137066368690216
['100% Corpus'],18,0.01,0.31,0.4422596511147059
['100% Corpus'],18,0.01,0.61,0.36963745255640573
['100% Corpus'],18,0.01,0.9099999999999999,0.4324596636093413
['100% Corpus'],18,0.01,symmetric,0.47420870045366875
['100% Corpus'],18,0.31,0.01,0.42762850820465537
['100% Corpus'],18,0.31,0.31,0.3609791551330154
['100% Corpus'],18,0.31,0.61,0.5014265324945173
['100% Corpus'],18,0.31,0.9099999999999999,0.5217518274631371
['100% Corpus'],18,0.31,symmetric,0.42147538078053665
['100% Corpus'],18,0.61,0.01,0.4766951488200967
['100% Corpus'],18,0.61,0.31,0.43610965789066464
['100% Corpus'],18,0.61,0.61,0.6539029493660272
['100% Corpus'],18,0.61,0.9099999999999999,0.4860222006816517
['100% Corpus'],18,0.61,symmetric,0.4662043683825675
['100% Corpus'],18,0.9099999999999999,0.01,0.5335084248770492
['100% Corpus'],18,0.9099999999999999,0.31,0.606313591772054
['100% Corpus'],18,0.9099999999999999,0.61,0.49060246471018437
['100% Corpus'],18,0.9099999999999999,0.9099999999999999,0.49152280326032344
['100% Corpus'],18,0.9099999999999999,symmetric,0.48144471609874234
['100% Corpus'],18,symmetric,0.01,0.4125114165229731
['100% Corpus'],18,symmetric,0.31,0.4194413077030227
['100% Corpus'],18,symmetric,0.61,0.37299287680314364
['100% Corpus'],18,symmetric,0.9099999999999999,0.45489854777625205
['100% Corpus'],18,symmetric,symmetric,0.4441268833279739
['100% Corpus'],18,asymmetric,0.01,0.38982413599512955
['100% Corpus'],18,asymmetric,0.31,0.3860379356138499
['100% Corpus'],18,asymmetric,0.61,0.4034510913488368
['100% Corpus'],18,asymmetric,0.9099999999999999,0.37307889801545246
['100% Corpus'],18,asymmetric,symmetric,0.40714919190500837
['100% Corpus'],19,0.01,0.01,0.3962507139249503
['100% Corpus'],19,0.01,0.31,0.41984382751252974
['100% Corpus'],19,0.01,0.61,0.44647293458193704
['100% Corpus'],19,0.01,0.9099999999999999,0.4267010414746537
['100% Corpus'],19,0.01,symmetric,0.36901572590016474
['100% Corpus'],19,0.31,0.01,0.4298897264255128
['100% Corpus'],19,0.31,0.31,0.3996980687892183
['100% Corpus'],19,0.31,0.61,0.4224451222953957
['100% Corpus'],19,0.31,0.9099999999999999,0.46005158798603424
['100% Corpus'],19,0.31,symmetric,0.40069339571357976
['100% Corpus'],19,0.61,0.01,0.4855483172825629
['100% Corpus'],19,0.61,0.31,0.44307522574388325
['100% Corpus'],19,0.61,0.61,0.614490886113929
['100% Corpus'],19,0.61,0.9099999999999999,0.4819111368587007
['100% Corpus'],19,0.61,symmetric,0.45680609249132426
['100% Corpus'],19,0.9099999999999999,0.01,0.534342481618243
['100% Corpus'],19,0.9099999999999999,0.31,0.6099327013303588
['100% Corpus'],19,0.9099999999999999,0.61,0.49080990928465446
['100% Corpus'],19,0.9099999999999999,0.9099999999999999,0.4915248582469211
['100% Corpus'],19,0.9099999999999999,symmetric,0.49954168517696046
['100% Corpus'],19,symmetric,0.01,0.4334128162855815
['100% Corpus'],19,symmetric,0.31,0.46382402396872224
['100% Corpus'],19,symmetric,0.61,0.46937591875418494
['100% Corpus'],19,symmetric,0.9099999999999999,0.4555212985308845
['100% Corpus'],19,symmetric,symmetric,0.44504194267616637
['100% Corpus'],19,asymmetric,0.01,0.39849951775776116
['100% Corpus'],19,asymmetric,0.31,0.41212897764963907
['100% Corpus'],19,asymmetric,0.61,0.4062692555691613
['100% Corpus'],19,asymmetric,0.9099999999999999,0.41628291354624836
['100% Corpus'],19,asymmetric,symmetric,0.396405187780831
['100% Corpus'],20,0.01,0.01,0.3795154744984229
['100% Corpus'],20,0.01,0.31,0.5113812385465482
['100% Corpus'],20,0.01,0.61,0.45343891119995083
['100% Corpus'],20,0.01,0.9099999999999999,0.5031091933906284
['100% Corpus'],20,0.01,symmetric,0.386125120812021
['100% Corpus'],20,0.31,0.01,0.37714164516572835
['100% Corpus'],20,0.31,0.31,0.3738748040205167
['100% Corpus'],20,0.31,0.61,0.4760560405026686
['100% Corpus'],20,0.31,0.9099999999999999,0.5509348742934158
['100% Corpus'],20,0.31,symmetric,0.3786209147785982
['100% Corpus'],20,0.61,0.01,0.49783921646438084
['100% Corpus'],20,0.61,0.31,0.4820201990804809
['100% Corpus'],20,0.61,0.61,0.6201477751564635
['100% Corpus'],20,0.61,0.9099999999999999,0.5048667760257715
['100% Corpus'],20,0.61,symmetric,0.45930909935075437
['100% Corpus'],20,0.9099999999999999,0.01,0.5497039302185109
['100% Corpus'],20,0.9099999999999999,0.31,0.5953117591766178
['100% Corpus'],20,0.9099999999999999,0.61,0.4916758109158309
['100% Corpus'],20,0.9099999999999999,0.9099999999999999,0.49152670773485896
['100% Corpus'],20,0.9099999999999999,symmetric,0.5174790014124336
['100% Corpus'],20,symmetric,0.01,0.4451693872886827
['100% Corpus'],20,symmetric,0.31,0.5680361812896042
['100% Corpus'],20,symmetric,0.61,0.5182206991505802
['100% Corpus'],20,symmetric,0.9099999999999999,0.502781309840659
['100% Corpus'],20,symmetric,symmetric,0.48758309326965465
['100% Corpus'],20,asymmetric,0.01,0.4924575623182837
['100% Corpus'],20,asymmetric,0.31,0.4404937721750641
['100% Corpus'],20,asymmetric,0.61,0.3621865343427645
['100% Corpus'],20,asymmetric,0.9099999999999999,0.3491210232745514
['100% Corpus'],20,asymmetric,symmetric,0.492758278776253
['100% Corpus'],21,0.01,0.01,0.38502788810212546
['100% Corpus'],21,0.01,0.31,0.36819870961700674
['100% Corpus'],21,0.01,0.61,0.45742961756416517
['100% Corpus'],21,0.01,0.9099999999999999,0.44656843006975483
['100% Corpus'],21,0.01,symmetric,0.3812131285340857
['100% Corpus'],21,0.31,0.01,0.37611484884032886
['100% Corpus'],21,0.31,0.31,0.3647518313770559
['100% Corpus'],21,0.31,0.61,0.49270606853609
['100% Corpus'],21,0.31,0.9099999999999999,0.5118676306279346
['100% Corpus'],21,0.31,symmetric,0.3761816896331448
['100% Corpus'],21,0.61,0.01,0.5037946809286135
['100% Corpus'],21,0.61,0.31,0.45692760361932294
['100% Corpus'],21,0.61,0.61,0.6240373208374113
['100% Corpus'],21,0.61,0.9099999999999999,0.4913706770707594
['100% Corpus'],21,0.61,symmetric,0.42531908204504676
['100% Corpus'],21,0.9099999999999999,0.01,0.5553428682151859
['100% Corpus'],21,0.9099999999999999,0.31,0.5921459582582602
['100% Corpus'],21,0.9099999999999999,0.61,0.4915283810810885
['100% Corpus'],21,0.9099999999999999,0.9099999999999999,0.4915283810810885
['100% Corpus'],21,0.9099999999999999,symmetric,0.5085380670024267
['100% Corpus'],21,symmetric,0.01,0.4139451535652979
['100% Corpus'],21,symmetric,0.31,0.45175012474001375
['100% Corpus'],21,symmetric,0.61,0.4744026898249666
['100% Corpus'],21,symmetric,0.9099999999999999,0.4857451213940179
['100% Corpus'],21,symmetric,symmetric,0.4416958309093697
['100% Corpus'],21,asymmetric,0.01,0.3465258852930345
['100% Corpus'],21,asymmetric,0.31,0.3760648242432354
['100% Corpus'],21,asymmetric,0.61,0.38606671961045064
['100% Corpus'],21,asymmetric,0.9099999999999999,0.3689539443999131
['100% Corpus'],21,asymmetric,symmetric,0.3714235244596653
['100% Corpus'],22,0.01,0.01,0.4249907911068606
['100% Corpus'],22,0.01,0.31,0.4434041080093172
['100% Corpus'],22,0.01,0.61,0.4606303465039571
['100% Corpus'],22,0.01,0.9099999999999999,0.515282592664054
['100% Corpus'],22,0.01,symmetric,0.4613705929074196
['100% Corpus'],22,0.31,0.01,0.33390462677730637
['100% Corpus'],22,0.31,0.31,0.40519870121549945
['100% Corpus'],22,0.31,0.61,0.541165867073665
['100% Corpus'],22,0.31,0.9099999999999999,0.5513251478116284
['100% Corpus'],22,0.31,symmetric,0.33835675262119635
['100% Corpus'],22,0.61,0.01,0.5111232756609524
['100% Corpus'],22,0.61,0.31,0.4523127850289581
['100% Corpus'],22,0.61,0.61,0.5839043714916521
['100% Corpus'],22,0.61,0.9099999999999999,0.4921791042389208
['100% Corpus'],22,0.61,symmetric,0.4322506132558423
['100% Corpus'],22,0.9099999999999999,0.01,0.5588442150146724
['100% Corpus'],22,0.9099999999999999,0.31,0.5931408137413416
['100% Corpus'],22,0.9099999999999999,0.61,0.4916654506512716
['100% Corpus'],22,0.9099999999999999,0.9099999999999999,0.4916654506512716
['100% Corpus'],22,0.9099999999999999,symmetric,0.5339997448189517
['100% Corpus'],22,symmetric,0.01,0.47490028284897434
['100% Corpus'],22,symmetric,0.31,0.48299132203966094
['100% Corpus'],22,symmetric,0.61,0.49161334868266754
['100% Corpus'],22,symmetric,0.9099999999999999,0.4783009327664047
['100% Corpus'],22,symmetric,symmetric,0.4902353879965269
['100% Corpus'],22,asymmetric,0.01,0.4173812576523827
['100% Corpus'],22,asymmetric,0.31,0.39837908736687155
['100% Corpus'],22,asymmetric,0.61,0.41819742909882013
['100% Corpus'],22,asymmetric,0.9099999999999999,0.3979833312958883
['100% Corpus'],22,asymmetric,symmetric,0.4178988894852622
['100% Corpus'],23,0.01,0.01,0.3868610940557086
['100% Corpus'],23,0.01,0.31,0.3992217252329641
['100% Corpus'],23,0.01,0.61,0.4066896572861459
['100% Corpus'],23,0.01,0.9099999999999999,0.36529464869034844
['100% Corpus'],23,0.01,symmetric,0.39038601536964174
['100% Corpus'],23,0.31,0.01,0.3534412526153616
['100% Corpus'],23,0.31,0.31,0.3589867019982789
['100% Corpus'],23,0.31,0.61,0.4776844759885104
['100% Corpus'],23,0.31,0.9099999999999999,0.49610302374072857
['100% Corpus'],23,0.31,symmetric,0.34775329393785925
['100% Corpus'],23,0.61,0.01,0.5048778843211288
['100% Corpus'],23,0.61,0.31,0.4753957141601332
['100% Corpus'],23,0.61,0.61,0.5149011706891855
['100% Corpus'],23,0.61,0.9099999999999999,0.49199582483796395
['100% Corpus'],23,0.61,symmetric,0.45080910185150636
['100% Corpus'],23,0.9099999999999999,0.01,0.5645697728127985
['100% Corpus'],23,0.9099999999999999,0.31,0.5539966256677696
['100% Corpus'],23,0.9099999999999999,0.61,0.4910892636651035
['100% Corpus'],23,0.9099999999999999,0.9099999999999999,0.4910892636651035
['100% Corpus'],23,0.9099999999999999,symmetric,0.5141882649290218
['100% Corpus'],23,symmetric,0.01,0.41306479548625374
['100% Corpus'],23,symmetric,0.31,0.41085713563101534
['100% Corpus'],23,symmetric,0.61,0.4130824400062478
['100% Corpus'],23,symmetric,0.9099999999999999,0.3842218435686199
['100% Corpus'],23,symmetric,symmetric,0.43872101116126755
['100% Corpus'],23,asymmetric,0.01,0.44255362103232904
['100% Corpus'],23,asymmetric,0.31,0.48720180537135205
['100% Corpus'],23,asymmetric,0.61,0.5058175352261786
['100% Corpus'],23,asymmetric,0.9099999999999999,0.5190342560174378
['100% Corpus'],23,asymmetric,symmetric,0.45025203611835435
['100% Corpus'],24,0.01,0.01,0.397050114681311
['100% Corpus'],24,0.01,0.31,0.4695484146124114
['100% Corpus'],24,0.01,0.61,0.45694935228828765
['100% Corpus'],24,0.01,0.9099999999999999,0.45516959610618385
['100% Corpus'],24,0.01,symmetric,0.3908571680568938
['100% Corpus'],24,0.31,0.01,0.3774188036374439
['100% Corpus'],24,0.31,0.31,0.39042639849250554
['100% Corpus'],24,0.31,0.61,0.45681337847488407
['100% Corpus'],24,0.31,0.9099999999999999,0.47903707531361434
['100% Corpus'],24,0.31,symmetric,0.3848668968842704
['100% Corpus'],24,0.61,0.01,0.5047737742862243
['100% Corpus'],24,0.61,0.31,0.4961473649455674
['100% Corpus'],24,0.61,0.61,0.48772677476554294
['100% Corpus'],24,0.61,0.9099999999999999,0.49103194138312806
['100% Corpus'],24,0.61,symmetric,0.44370273829585277
['100% Corpus'],24,0.9099999999999999,0.01,0.5696409779962464
['100% Corpus'],24,0.9099999999999999,0.31,0.5294284907511545
['100% Corpus'],24,0.9099999999999999,0.61,0.49056109226111627
['100% Corpus'],24,0.9099999999999999,0.9099999999999999,0.49053542116239407
['100% Corpus'],24,0.9099999999999999,symmetric,0.5194383347030592
['100% Corpus'],24,symmetric,0.01,0.3937068560595491
['100% Corpus'],24,symmetric,0.31,0.49419664625042364
['100% Corpus'],24,symmetric,0.61,0.4679678674888506
['100% Corpus'],24,symmetric,0.9099999999999999,0.4505407052637512
['100% Corpus'],24,symmetric,symmetric,0.4107815270472123
['100% Corpus'],24,asymmetric,0.01,0.4434433958907668
['100% Corpus'],24,asymmetric,0.31,0.4678545130966439
['100% Corpus'],24,asymmetric,0.61,0.3942131423750981
['100% Corpus'],24,asymmetric,0.9099999999999999,0.36508269860217385
['100% Corpus'],24,asymmetric,symmetric,0.45495546417424254
['100% Corpus'],25,0.01,0.01,0.40746446717527496
['100% Corpus'],25,0.01,0.31,0.4389685313142603
['100% Corpus'],25,0.01,0.61,0.4978020674335438
['100% Corpus'],25,0.01,0.9099999999999999,0.49724781912853705
['100% Corpus'],25,0.01,symmetric,0.38534217323884074
['100% Corpus'],25,0.31,0.01,0.3369320218467078
['100% Corpus'],25,0.31,0.31,0.39147668822251036
['100% Corpus'],25,0.31,0.61,0.45385075854170936
['100% Corpus'],25,0.31,0.9099999999999999,0.5008192891707823
['100% Corpus'],25,0.31,symmetric,0.33467221320210805
['100% Corpus'],25,0.61,0.01,0.5247513170474842
['100% Corpus'],25,0.61,0.31,0.5047911980140737
['100% Corpus'],25,0.61,0.61,0.4901744590559951
['100% Corpus'],25,0.61,0.9099999999999999,0.49105313764803005
['100% Corpus'],25,0.61,symmetric,0.44456645022876395
['100% Corpus'],25,0.9099999999999999,0.01,0.5749625227510125
['100% Corpus'],25,0.9099999999999999,0.31,0.519499475121686
['100% Corpus'],25,0.9099999999999999,0.61,0.49072040503567627
['100% Corpus'],25,0.9099999999999999,0.9099999999999999,0.49072040503567627
['100% Corpus'],25,0.9099999999999999,symmetric,0.5268382855268949
['100% Corpus'],25,symmetric,0.01,0.47164956376217854
['100% Corpus'],25,symmetric,0.31,0.47350484007255844
['100% Corpus'],25,symmetric,0.61,0.4948709575201577
['100% Corpus'],25,symmetric,0.9099999999999999,0.5113868717520177
['100% Corpus'],25,symmetric,symmetric,0.4838992492105067
['100% Corpus'],25,asymmetric,0.01,0.37549552886018916
['100% Corpus'],25,asymmetric,0.31,0.40492952955872963
['100% Corpus'],25,asymmetric,0.61,0.39706441444170454
['100% Corpus'],25,asymmetric,0.9099999999999999,0.4351512942373408
['100% Corpus'],25,asymmetric,symmetric,0.39092836230065614
['100% Corpus'],26,0.01,0.01,0.4021509382192194
['100% Corpus'],26,0.01,0.31,0.36777458559808923
['100% Corpus'],26,0.01,0.61,0.4168870119279252
['100% Corpus'],26,0.01,0.9099999999999999,0.3812002327705094
['100% Corpus'],26,0.01,symmetric,0.4102162534485635
['100% Corpus'],26,0.31,0.01,0.36346327833662073
['100% Corpus'],26,0.31,0.31,0.42557700841182816
['100% Corpus'],26,0.31,0.61,0.4683998518520773
['100% Corpus'],26,0.31,0.9099999999999999,0.4558049929027138
['100% Corpus'],26,0.31,symmetric,0.3553116661442548
['100% Corpus'],26,0.61,0.01,0.5312707746875333
['100% Corpus'],26,0.61,0.31,0.5358564639185359
['100% Corpus'],26,0.61,0.61,0.5051753882448924
['100% Corpus'],26,0.61,0.9099999999999999,0.49132578933902443
['100% Corpus'],26,0.61,symmetric,0.4630892967308447
['100% Corpus'],26,0.9099999999999999,0.01,0.5806097818407779
['100% Corpus'],26,0.9099999999999999,0.31,0.5225348923548755
['100% Corpus'],26,0.9099999999999999,0.61,0.49024704907158895
['100% Corpus'],26,0.9099999999999999,0.9099999999999999,0.49019965627394807
['100% Corpus'],26,0.9099999999999999,symmetric,0.5417659862563552
['100% Corpus'],26,symmetric,0.01,0.4513908964771939
['100% Corpus'],26,symmetric,0.31,0.42367802390911563
['100% Corpus'],26,symmetric,0.61,0.42452060121827484
['100% Corpus'],26,symmetric,0.9099999999999999,0.37395612483016455
['100% Corpus'],26,symmetric,symmetric,0.45678407564949713
['100% Corpus'],26,asymmetric,0.01,0.42922064282910893
['100% Corpus'],26,asymmetric,0.31,0.41978505456300313
['100% Corpus'],26,asymmetric,0.61,0.4371083850265531
['100% Corpus'],26,asymmetric,0.9099999999999999,0.4367553905206633
['100% Corpus'],26,asymmetric,symmetric,0.4380528039114101
['100% Corpus'],27,0.01,0.01,0.34754546118021956
['100% Corpus'],27,0.01,0.31,0.4100256706135409
['100% Corpus'],27,0.01,0.61,0.43609554276722334
['100% Corpus'],27,0.01,0.9099999999999999,0.4492032117978805
['100% Corpus'],27,0.01,symmetric,0.3511241397348808
['100% Corpus'],27,0.31,0.01,0.3520825072411921
['100% Corpus'],27,0.31,0.31,0.3548358473900102
['100% Corpus'],27,0.31,0.61,0.3909885174968881
['100% Corpus'],27,0.31,0.9099999999999999,0.4690587801255118
['100% Corpus'],27,0.31,symmetric,0.3491098004214637
['100% Corpus'],27,0.61,0.01,0.5339581009489688
['100% Corpus'],27,0.61,0.31,0.5439648939033278
['100% Corpus'],27,0.61,0.61,0.5056889012167564
['100% Corpus'],27,0.61,0.9099999999999999,0.49084754343644604
['100% Corpus'],27,0.61,symmetric,0.5073504907383347
['100% Corpus'],27,0.9099999999999999,0.01,0.576137156321682
['100% Corpus'],27,0.9099999999999999,0.31,0.5303628899396516
['100% Corpus'],27,0.9099999999999999,0.61,0.49027292657398747
['100% Corpus'],27,0.9099999999999999,0.9099999999999999,0.4893445864505101
['100% Corpus'],27,0.9099999999999999,symmetric,0.5476194470322097
['100% Corpus'],27,symmetric,0.01,0.3839631737904384
['100% Corpus'],27,symmetric,0.31,0.4465576983324303
['100% Corpus'],27,symmetric,0.61,0.4604995602066066
['100% Corpus'],27,symmetric,0.9099999999999999,0.4449562467562813
['100% Corpus'],27,symmetric,symmetric,0.4046030226845203
['100% Corpus'],27,asymmetric,0.01,0.42994509113672663
['100% Corpus'],27,asymmetric,0.31,0.48567438725922196
['100% Corpus'],27,asymmetric,0.61,0.4141129341846438
['100% Corpus'],27,asymmetric,0.9099999999999999,0.45351227932222044
['100% Corpus'],27,asymmetric,symmetric,0.4158546655389528
['100% Corpus'],28,0.01,0.01,0.38948669113137263
['100% Corpus'],28,0.01,0.31,0.400861461076567
['100% Corpus'],28,0.01,0.61,0.42303248802632415
['100% Corpus'],28,0.01,0.9099999999999999,0.45022972024737345
['100% Corpus'],28,0.01,symmetric,0.4013714660761155
['100% Corpus'],28,0.31,0.01,0.3595941304462985
['100% Corpus'],28,0.31,0.31,0.4136362701906143
['100% Corpus'],28,0.31,0.61,0.4659694029171689
['100% Corpus'],28,0.31,0.9099999999999999,0.5268936707279386
['100% Corpus'],28,0.31,symmetric,0.3638287124044591
['100% Corpus'],28,0.61,0.01,0.5240737217542918
['100% Corpus'],28,0.61,0.31,0.5717580202893667
['100% Corpus'],28,0.61,0.61,0.48887336337575865
['100% Corpus'],28,0.61,0.9099999999999999,0.49119214080242496
['100% Corpus'],28,0.61,symmetric,0.5144458733390558
['100% Corpus'],28,0.9099999999999999,0.01,0.5789636897628139
['100% Corpus'],28,0.9099999999999999,0.31,0.5118559798885969
['100% Corpus'],28,0.9099999999999999,0.61,0.49029695568335746
['100% Corpus'],28,0.9099999999999999,0.9099999999999999,0.48937976676538536
['100% Corpus'],28,0.9099999999999999,symmetric,0.5651789184188369
['100% Corpus'],28,symmetric,0.01,0.46871491068470855
['100% Corpus'],28,symmetric,0.31,0.4161615393964359
['100% Corpus'],28,symmetric,0.61,0.4278672664852373
['100% Corpus'],28,symmetric,0.9099999999999999,0.46715152337959404
['100% Corpus'],28,symmetric,symmetric,0.47344861951227407
['100% Corpus'],28,asymmetric,0.01,0.33052796435428283
['100% Corpus'],28,asymmetric,0.31,0.36388463940016835
['100% Corpus'],28,asymmetric,0.61,0.4418994044513544
['100% Corpus'],28,asymmetric,0.9099999999999999,0.40664834370037756
['100% Corpus'],28,asymmetric,symmetric,0.33324924872090916
['100% Corpus'],29,0.01,0.01,0.36332795730345213
['100% Corpus'],29,0.01,0.31,0.41126677752895546
['100% Corpus'],29,0.01,0.61,0.41957802187834653
['100% Corpus'],29,0.01,0.9099999999999999,0.4634459161404172
['100% Corpus'],29,0.01,symmetric,0.3903105458614719
['100% Corpus'],29,0.31,0.01,0.32966135158030196
['100% Corpus'],29,0.31,0.31,0.4178765872985805
['100% Corpus'],29,0.31,0.61,0.4974348538657502
['100% Corpus'],29,0.31,0.9099999999999999,0.5103534667345683
['100% Corpus'],29,0.31,symmetric,0.3379053308444514
['100% Corpus'],29,0.61,0.01,0.5208145609498126
['100% Corpus'],29,0.61,0.31,0.5775373856069947
['100% Corpus'],29,0.61,0.61,0.4909417282154913
['100% Corpus'],29,0.61,0.9099999999999999,0.49077273099333213
['100% Corpus'],29,0.61,symmetric,0.5372572288223043
['100% Corpus'],29,0.9099999999999999,0.01,0.5824135702891514
['100% Corpus'],29,0.9099999999999999,0.31,0.5048141838145673
['100% Corpus'],29,0.9099999999999999,0.61,0.4904221573927515
['100% Corpus'],29,0.9099999999999999,0.9099999999999999,0.4895578407260658
['100% Corpus'],29,0.9099999999999999,symmetric,0.5688521862312568
['100% Corpus'],29,symmetric,0.01,0.45636385551997055
['100% Corpus'],29,symmetric,0.31,0.43055365227011433
['100% Corpus'],29,symmetric,0.61,0.4307751402064205
['100% Corpus'],29,symmetric,0.9099999999999999,0.4407105476515865
['100% Corpus'],29,symmetric,symmetric,0.43409960762236105
['100% Corpus'],29,asymmetric,0.01,0.45397772428766037
['100% Corpus'],29,asymmetric,0.31,0.47804403671129764
['100% Corpus'],29,asymmetric,0.61,0.43928451071742164
['100% Corpus'],29,asymmetric,0.9099999999999999,0.46133230889021704
['100% Corpus'],29,asymmetric,symmetric,0.46127931509336123
['100% Corpus'],30,0.01,0.01,0.3417088296220394
['100% Corpus'],30,0.01,0.31,0.3862710785588493
['100% Corpus'],30,0.01,0.61,0.4963175725232615
['100% Corpus'],30,0.01,0.9099999999999999,0.37632134119040217
['100% Corpus'],30,0.01,symmetric,0.3538052247550139
['100% Corpus'],30,0.31,0.01,0.39421033628216257
['100% Corpus'],30,0.31,0.31,0.403322570214394
['100% Corpus'],30,0.31,0.61,0.4330133868246058
['100% Corpus'],30,0.31,0.9099999999999999,0.45939614716594895
['100% Corpus'],30,0.31,symmetric,0.39774770760596867
['100% Corpus'],30,0.61,0.01,0.5249525959230156
['100% Corpus'],30,0.61,0.31,0.5962631859207783
['100% Corpus'],30,0.61,0.61,0.4910763120707053
['100% Corpus'],30,0.61,0.9099999999999999,0.4903812818381789
['100% Corpus'],30,0.61,symmetric,0.5532745640291871
['100% Corpus'],30,0.9099999999999999,0.01,0.5869501729933899
['100% Corpus'],30,0.9099999999999999,0.31,0.49854666687699967
['100% Corpus'],30,0.9099999999999999,0.61,0.49002185714530666
['100% Corpus'],30,0.9099999999999999,0.9099999999999999,0.48960410408974187
['100% Corpus'],30,0.9099999999999999,symmetric,0.5776830511224884
['100% Corpus'],30,symmetric,0.01,0.33677328020618214
['100% Corpus'],30,symmetric,0.31,0.3975937079558243
['100% Corpus'],30,symmetric,0.61,0.4736215846773127
['100% Corpus'],30,symmetric,0.9099999999999999,0.3702676645133086
['100% Corpus'],30,symmetric,symmetric,0.3563058046191434
['100% Corpus'],30,asymmetric,0.01,0.3525493669918199
['100% Corpus'],30,asymmetric,0.31,0.43351554638134604
['100% Corpus'],30,asymmetric,0.61,0.4416657955458882
['100% Corpus'],30,asymmetric,0.9099999999999999,0.4626251245592584
['100% Corpus'],30,asymmetric,symmetric,0.3679959341827361
